Name,Team,Season,Age,G,PA,H,1B,2B,3B,HR,RBI,BB,SO,GDP,SB,CS,BB%,K%,BB/K,AVG,wOBA,OBP,SLG,OPS,ISO,wRC,wRC+,LD%,GB%,FB%,GB/FB,Pull%,Cent%,Oppo%,Soft%,Med%,Hard%
Aaron Judge,NYY,2024,32,158,704,180,85,36,1,58,144,133,171,22,10,0,19%,24%,0.78,0.322,0.476,0.458,0.701,1.159,0.379,176,218,23%,31%,46%,0.66,40%,35%,25%,7%,45%,48%
Abraham Toro,OAK,2024,27,94,364,81,57,17,1,6,26,20,62,4,4,2,5%,17%,0.32,0.240,0.283,0.293,0.350,0.643,0.110,35,87,19%,44%,36%,1.22,41%,36%,23%,17%,58%,25%
Adam Duvall,ATL,2024,35,104,330,55,34,10,0,11,30,21,99,6,0,0,6%,30%,0.21,0.182,0.252,0.245,0.323,0.569,0.142,23,58,18%,31%,51%,0.62,52%,30%,18%,22%,43%,34%
Adam Frazier,KCR,2024,32,104,294,53,38,10,1,4,22,22,59,0,3,0,7%,20%,0.37,0.202,0.261,0.282,0.294,0.576,0.092,23,63,25%,38%,36%,1.05,40%,33%,27%,19%,57%,24%
Addison Barger,TOR,2024,24,69,225,41,23,11,0,7,28,14,60,1,2,0,6%,27%,0.23,0.197,0.262,0.250,0.351,0.601,0.154,18,70,21%,42%,36%,1.17,38%,34%,28%,21%,43%,36%
Adley Rutschman,BAL,2024,26,148,638,143,102,21,1,19,79,58,103,9,1,0,9%,16%,0.56,0.250,0.309,0.318,0.391,0.709,0.140,74,104,23%,35%,43%,0.80,42%,36%,22%,16%,56%,29%
Adolis García,TEX,2024,31,154,637,130,78,27,0,25,85,45,177,12,11,5,7%,28%,0.25,0.224,0.296,0.284,0.400,0.684,0.176,67,92,19%,38%,43%,0.89,40%,32%,28%,17%,46%,36%
Alec Bohm,PHI,2024,27,143,606,155,94,44,2,15,97,40,86,18,5,2,7%,14%,0.47,0.280,0.335,0.332,0.448,0.779,0.168,83,115,21%,46%,33%,1.40,36%,37%,27%,14%,50%,36%
Alec Burleson,STL,2024,25,152,595,147,106,20,0,21,78,35,76,8,9,4,6%,13%,0.46,0.269,0.319,0.314,0.420,0.735,0.152,74,106,21%,42%,37%,1.13,34%,40%,27%,13%,57%,29%
Alejandro Kirk,TOR,2024,25,103,386,86,61,19,1,5,54,35,51,11,0,0,9%,13%,0.69,0.253,0.297,0.319,0.359,0.677,0.106,41,94,22%,45%,33%,1.38,34%,34%,32%,16%,50%,34%
Alek Thomas,ARI,2024,24,39,103,18,9,5,1,3,17,7,17,7,4,1,7%,17%,0.41,0.189,0.262,0.245,0.358,0.603,0.168,8,65,16%,61%,24%,2.56,43%,37%,20%,10%,48%,42%
Alex Bregman,HOU,2024,30,145,634,151,93,30,2,26,75,44,86,13,3,1,7%,14%,0.51,0.260,0.331,0.315,0.453,0.768,0.193,85,118,18%,36%,45%,0.81,40%,34%,26%,18%,52%,30%
Alex Call,WSN,2024,29,30,113,34,22,9,0,3,14,12,19,2,5,1,11%,17%,0.63,0.343,0.412,0.425,0.525,0.950,0.182,22,167,21%,44%,35%,1.25,41%,31%,28%,16%,50%,34%
Alex Jackson,TBR,2024,28,58,155,17,7,7,0,3,12,12,53,2,1,0,8%,34%,0.23,0.122,0.200,0.201,0.237,0.439,0.115,4,29,10%,40%,49%,0.81,39%,42%,19%,19%,55%,26%
Alex Kirilloff,MIN,2024,26,57,178,32,16,8,3,5,20,15,47,5,0,0,8%,26%,0.32,0.201,0.282,0.270,0.384,0.653,0.182,17,83,13%,48%,39%,1.22,40%,35%,25%,10%,50%,41%
Alex Verdugo,NYY,2024,28,149,621,130,88,28,1,13,61,49,93,14,2,1,8%,15%,0.53,0.233,0.283,0.291,0.356,0.647,0.123,59,83,17%,49%,34%,1.46,37%,34%,28%,14%,54%,31%
Amed Rosario,CIN,2024,28,103,346,93,69,18,3,3,32,9,73,10,13,5,3%,21%,0.12,0.280,0.299,0.306,0.380,0.686,0.099,37,96,21%,51%,28%,1.85,33%,38%,28%,20%,55%,25%
Andrés Chaparro,WSN,2024,25,33,132,26,10,12,0,4,15,7,24,3,1,1,5%,18%,0.29,0.215,0.301,0.280,0.413,0.694,0.198,14,93,13%,38%,48%,0.79,42%,36%,22%,19%,49%,32%
Andrés Giménez,CLE,2024,25,152,633,147,115,22,1,9,63,26,97,11,30,5,4%,15%,0.27,0.252,0.281,0.298,0.340,0.638,0.087,59,83,21%,50%,29%,1.73,40%,35%,25%,19%,57%,24%
Andrew Benintendi,CHW,2024,29,135,522,109,69,20,0,20,64,41,96,12,3,2,8%,18%,0.43,0.229,0.298,0.289,0.396,0.685,0.168,56,93,19%,38%,42%,0.91,45%,34%,21%,15%,54%,31%
Andrew McCutchen,PIT,2024,37,120,515,104,65,18,1,20,50,58,133,9,3,2,11%,26%,0.44,0.232,0.325,0.328,0.411,0.739,0.179,66,105,17%,41%,42%,0.98,42%,38%,20%,18%,48%,34%
Andrew Vaughn,CHW,2024,26,149,619,140,90,30,1,19,70,38,132,13,2,0,6%,21%,0.29,0.246,0.304,0.297,0.402,0.699,0.156,69,97,16%,38%,46%,0.83,36%,39%,26%,17%,49%,33%
Andruw Monasterio,MIL,2024,27,59,142,26,20,5,0,1,16,16,40,3,6,2,11%,28%,0.40,0.208,0.266,0.303,0.272,0.575,0.064,12,68,19%,39%,42%,0.94,34%,42%,24%,12%,54%,34%
Andy Ibáñez,DET,2024,31,99,244,54,39,9,1,5,32,15,63,2,2,3,6%,26%,0.24,0.241,0.287,0.295,0.357,0.652,0.116,24,87,21%,34%,45%,0.75,41%,32%,27%,20%,50%,31%
Andy Pages,LAD,2024,23,116,443,100,63,23,1,13,46,29,108,8,1,2,7%,24%,0.27,0.248,0.310,0.305,0.407,0.712,0.159,52,100,22%,32%,45%,0.71,42%,33%,25%,18%,48%,33%
Angel Martínez,CLE,2024,22,43,169,35,25,7,0,3,11,15,33,2,3,1,9%,20%,0.45,0.232,0.282,0.298,0.338,0.635,0.106,16,83,16%,43%,41%,1.06,41%,42%,17%,17%,59%,25%
Anthony Rendon,LAA,2024,34,57,238,45,35,10,0,0,14,23,35,4,6,1,10%,15%,0.66,0.218,0.264,0.307,0.267,0.574,0.049,19,68,17%,43%,41%,1.06,35%,37%,29%,19%,51%,30%
Anthony Rizzo,NYY,2024,34,92,375,77,57,12,0,8,35,27,65,7,0,0,7%,17%,0.42,0.228,0.285,0.301,0.335,0.637,0.107,36,84,22%,44%,35%,1.26,45%,28%,27%,20%,56%,24%
Anthony Santander,BAL,2024,29,155,665,140,69,25,2,44,102,58,129,9,2,0,9%,19%,0.45,0.235,0.345,0.308,0.506,0.814,0.271,97,129,14%,31%,55%,0.56,45%,32%,24%,19%,46%,35%
Anthony Volpe,NYY,2024,23,160,689,155,109,27,7,12,60,42,156,9,28,7,6%,23%,0.27,0.243,0.287,0.293,0.364,0.657,0.121,68,86,21%,50%,29%,1.75,32%,40%,28%,16%,59%,25%
Austin Barnes,LAD,2024,34,54,156,37,33,3,0,1,11,14,36,3,3,0,9%,23%,0.39,0.264,0.289,0.331,0.307,0.638,0.043,16,86,22%,49%,29%,1.70,38%,36%,26%,19%,58%,23%
Austin Hays,PHI,2024,28,85,255,60,37,18,0,5,20,9,59,2,2,2,4%,23%,0.15,0.255,0.303,0.303,0.396,0.699,0.140,28,98,20%,41%,39%,1.06,51%,29%,20%,17%,47%,36%
Austin Hedges,CLE,2024,31,66,146,20,15,3,0,2,15,6,50,2,2,0,4%,34%,0.12,0.152,0.191,0.203,0.220,0.422,0.068,3,20,15%,33%,52%,0.64,53%,25%,22%,15%,60%,25%
Austin Martin,MIN,2024,25,93,257,59,39,18,1,1,16,20,47,4,7,3,8%,18%,0.43,0.253,0.297,0.318,0.352,0.670,0.099,27,94,27%,42%,31%,1.37,48%,35%,17%,11%,62%,27%
Austin Riley,ATL,2024,27,110,469,109,62,26,2,19,56,37,118,6,0,0,8%,25%,0.31,0.256,0.338,0.322,0.461,0.783,0.205,65,116,21%,36%,43%,0.83,37%,37%,26%,13%,45%,42%
Austin Slater,BAL,2024,31,84,212,37,31,4,0,2,18,26,60,5,3,2,12%,28%,0.43,0.209,0.273,0.321,0.266,0.586,0.056,19,76,28%,50%,21%,2.36,34%,33%,33%,12%,59%,30%
Austin Wells,NYY,2024,24,115,414,81,49,18,1,13,55,47,87,9,1,2,11%,21%,0.54,0.229,0.315,0.322,0.395,0.718,0.167,50,105,20%,37%,43%,0.85,40%,33%,27%,16%,50%,34%
Ben Rice,NYY,2024,25,50,178,26,13,6,0,7,23,20,48,2,0,1,11%,27%,0.42,0.171,0.269,0.264,0.349,0.613,0.178,15,73,20%,36%,44%,0.81,46%,32%,22%,14%,48%,39%
Ben Rortvedt,TBR,2024,26,112,328,66,50,13,0,3,31,34,88,6,1,0,10%,27%,0.39,0.228,0.283,0.317,0.303,0.621,0.076,31,87,21%,46%,33%,1.41,34%,39%,27%,18%,55%,27%
Blake Perkins,MIL,2024,27,121,434,92,71,13,2,6,43,42,108,3,23,5,10%,25%,0.39,0.240,0.288,0.316,0.332,0.647,0.091,43,83,16%,47%,37%,1.29,34%,40%,26%,14%,58%,28%
Blaze Alexander,ARI,2024,25,61,185,41,31,7,0,3,21,15,49,1,3,1,8%,26%,0.31,0.247,0.298,0.321,0.343,0.664,0.096,20,88,16%,52%,33%,1.58,27%,34%,39%,16%,53%,31%
Bo Bichette,TOR,2024,26,81,336,70,49,16,1,4,31,20,64,12,5,1,6%,19%,0.31,0.225,0.264,0.277,0.322,0.598,0.096,27,71,22%,48%,30%,1.59,28%,37%,35%,18%,51%,31%
Bo Naylor,CLE,2024,24,123,389,71,46,10,2,13,39,29,122,3,6,3,7%,31%,0.24,0.201,0.269,0.264,0.350,0.614,0.150,32,74,18%,35%,47%,0.74,44%,36%,21%,18%,54%,28%
Bobby Witt Jr.,KCR,2024,24,161,709,211,123,45,11,32,109,57,106,4,31,12,8%,15%,0.54,0.332,0.410,0.389,0.588,0.977,0.256,140,168,19%,37%,44%,0.83,35%,38%,26%,15%,50%,35%
Brandon Drury,LAA,2024,31,97,360,55,44,7,0,4,15,27,81,13,1,0,8%,23%,0.33,0.169,0.217,0.242,0.228,0.469,0.058,15,34,15%,57%,28%,2.07,37%,43%,20%,22%,51%,27%
Brandon Lowe,TBR,2024,29,107,425,94,51,19,3,21,58,33,112,7,5,1,8%,26%,0.29,0.244,0.335,0.311,0.473,0.783,0.229,58,123,21%,37%,42%,0.88,43%,38%,19%,16%,47%,38%
Brandon Marsh,PHI,2024,26,135,476,104,68,17,3,16,60,50,154,2,19,3,11%,32%,0.32,0.249,0.326,0.328,0.419,0.747,0.170,62,108,24%,38%,38%,1.01,39%,31%,30%,10%,52%,38%
Brandon Nimmo,NYM,2024,31,151,663,128,77,25,3,23,90,77,158,7,15,0,12%,24%,0.49,0.224,0.321,0.327,0.399,0.727,0.175,83,109,20%,42%,38%,1.11,38%,37%,25%,13%,51%,36%
Brayan Rocchio,CLE,2024,23,143,442,79,53,18,0,8,36,44,90,11,10,6,10%,20%,0.49,0.206,0.276,0.298,0.316,0.614,0.110,39,79,20%,46%,35%,1.32,42%,36%,22%,18%,58%,23%
Brendan Donovan,STL,2024,27,153,652,163,112,34,3,14,73,47,81,4,5,5,7%,12%,0.58,0.278,0.332,0.342,0.417,0.759,0.140,88,115,21%,42%,37%,1.13,36%,36%,28%,17%,53%,31%
Brendan Rodgers,COL,2024,27,135,539,134,91,29,1,13,54,31,132,12,1,0,6%,24%,0.23,0.267,0.314,0.314,0.407,0.721,0.140,65,88,18%,56%,26%,2.19,36%,41%,23%,14%,57%,29%
Brent Rooker,OAK,2024,29,145,614,160,93,26,2,39,112,59,177,5,11,3,10%,29%,0.33,0.293,0.392,0.365,0.562,0.927,0.269,112,164,21%,33%,46%,0.73,44%,32%,24%,14%,47%,39%
Brenton Doyle,COL,2024,26,149,603,141,90,24,4,23,72,46,153,13,30,5,8%,25%,0.30,0.260,0.328,0.317,0.446,0.764,0.186,79,97,20%,41%,39%,1.05,39%,36%,25%,14%,50%,37%
Brett Baty,NYM,2024,24,50,171,35,28,3,0,4,16,16,42,3,0,0,9%,25%,0.38,0.229,0.282,0.306,0.327,0.633,0.098,16,83,15%,54%,32%,1.69,45%,37%,19%,19%,58%,23%
Brett Harris,OAK,2024,26,36,123,15,9,3,0,3,12,17,25,3,0,3,14%,20%,0.68,0.146,0.252,0.276,0.262,0.539,0.117,9,65,10%,44%,46%,0.94,38%,38%,24%,20%,53%,27%
Brett Wisely,SFG,2024,25,91,272,60,42,13,1,4,31,13,65,3,2,3,5%,24%,0.20,0.238,0.272,0.278,0.345,0.623,0.107,24,75,17%,41%,42%,0.97,39%,36%,25%,17%,58%,26%
Brice Turang,MIL,2024,24,155,619,142,107,24,4,7,57,50,105,8,50,6,8%,17%,0.48,0.254,0.294,0.316,0.349,0.665,0.095,64,87,21%,52%,26%,2.01,26%,39%,34%,15%,59%,26%
Brooks Baldwin,CHW,2024,23,33,121,24,16,6,0,2,8,6,31,1,4,0,5%,26%,0.19,0.211,0.249,0.250,0.316,0.566,0.105,8,58,22%,25%,53%,0.48,36%,37%,27%,18%,56%,26%
Brooks Lee,MIN,2024,23,50,185,38,28,6,1,3,27,11,27,6,3,0,6%,15%,0.41,0.221,0.252,0.265,0.320,0.585,0.099,13,62,20%,41%,38%,1.09,41%,37%,22%,22%,54%,24%
Bryan De La Cruz,PIT,2024,27,149,622,136,90,25,0,21,68,29,170,10,5,2,5%,27%,0.17,0.233,0.283,0.271,0.384,0.654,0.151,59,77,22%,41%,37%,1.11,42%,31%,27%,13%,55%,33%
Bryan Ramos,CHW,2024,22,32,108,20,13,4,0,3,11,7,22,3,0,2,6%,20%,0.32,0.202,0.257,0.252,0.333,0.586,0.131,8,64,17%,42%,41%,1.03,40%,42%,18%,12%,53%,36%
Bryan Reynolds,PIT,2024,29,156,692,171,115,29,3,24,88,57,156,7,10,2,8%,23%,0.37,0.275,0.343,0.344,0.447,0.791,0.172,99,118,22%,46%,32%,1.42,39%,35%,27%,13%,52%,35%
Bryce Harper,PHI,2024,31,145,631,157,85,42,0,30,87,76,138,18,7,4,12%,22%,0.55,0.285,0.380,0.373,0.525,0.898,0.240,109,145,23%,38%,40%,0.95,34%,33%,32%,12%,48%,40%
Bryson Stott,PHI,2024,26,148,571,124,92,19,2,11,57,53,93,9,32,3,9%,16%,0.57,0.245,0.296,0.315,0.356,0.671,0.111,60,88,20%,43%,37%,1.17,33%,36%,30%,17%,55%,28%
Byron Buxton,MIN,2024,30,102,388,99,51,27,3,18,56,20,99,3,7,2,5%,26%,0.20,0.279,0.366,0.335,0.524,0.859,0.245,63,142,24%,29%,47%,0.63,49%,33%,18%,16%,47%,37%
Cal Raleigh,SEA,2024,27,153,628,120,70,16,0,34,100,70,176,7,6,1,11%,28%,0.40,0.220,0.323,0.312,0.436,0.748,0.216,80,117,17%,31%,52%,0.60,49%,29%,22%,16%,44%,39%
Carlos Correa,MIN,2024,29,86,367,99,63,20,2,14,54,40,61,5,0,0,11%,17%,0.66,0.310,0.385,0.388,0.517,0.905,0.207,65,155,20%,44%,36%,1.20,36%,35%,29%,17%,50%,33%
Carlos Santana,MIN,2024,38,150,594,124,75,26,0,23,71,65,99,11,4,0,11%,17%,0.66,0.238,0.326,0.328,0.420,0.749,0.182,77,114,17%,39%,44%,0.88,53%,30%,17%,20%,47%,33%
Carson Kelly,TEX,2024,29,91,313,67,48,9,1,9,37,25,55,6,0,0,8%,18%,0.45,0.238,0.304,0.313,0.374,0.687,0.135,35,99,15%,46%,39%,1.18,41%,37%,21%,19%,47%,33%
Casey Schmitt,SFG,2024,25,40,113,27,16,4,1,6,16,4,25,2,0,0,4%,22%,0.16,0.252,0.323,0.283,0.477,0.760,0.224,14,109,17%,39%,45%,0.86,46%,31%,23%,16%,48%,36%
Cavan Biggio,ATL,2024,29,78,224,37,27,5,0,5,19,24,72,1,2,0,11%,32%,0.33,0.197,0.285,0.314,0.303,0.617,0.106,22,84,25%,34%,40%,0.85,36%,41%,23%,24%,60%,16%
Ceddanne Rafaela,BOS,2024,23,152,571,134,91,23,5,15,75,15,151,8,19,10,3%,26%,0.10,0.246,0.286,0.274,0.390,0.664,0.143,56,79,21%,42%,37%,1.14,41%,34%,24%,20%,55%,25%
Cedric Mullins,BAL,2024,29,147,499,104,67,16,3,18,54,41,98,1,32,6,8%,20%,0.42,0.234,0.310,0.305,0.405,0.710,0.171,58,105,17%,34%,49%,0.69,43%,35%,22%,20%,55%,25%
Charlie Blackmon,COL,2024,37,124,499,115,74,24,5,12,52,43,86,4,6,2,9%,17%,0.50,0.256,0.323,0.329,0.412,0.741,0.156,63,94,22%,37%,41%,0.89,45%,35%,20%,23%,49%,29%
Chas McCormick,HOU,2024,29,94,267,51,39,6,1,5,27,17,72,3,8,2,6%,27%,0.24,0.211,0.257,0.271,0.306,0.576,0.095,20,66,19%,44%,37%,1.17,36%,43%,21%,16%,55%,29%
Chris Taylor,LAD,2024,33,87,246,43,31,7,1,4,23,28,76,5,5,1,11%,31%,0.37,0.202,0.272,0.298,0.300,0.598,0.099,21,74,21%,41%,38%,1.10,38%,35%,27%,20%,48%,32%
Christian Bethancourt,CHC,2024,32,62,147,29,17,7,0,5,22,5,36,2,3,0,3%,24%,0.14,0.209,0.263,0.241,0.367,0.608,0.158,12,66,13%,47%,39%,1.21,42%,36%,22%,12%,58%,30%
Christian Encarnacion-Strand,CIN,2024,24,29,123,22,14,6,0,2,16,4,35,4,0,0,3%,28%,0.11,0.190,0.223,0.220,0.293,0.513,0.103,6,33,18%,48%,34%,1.43,42%,35%,23%,20%,51%,29%
Christian Vázquez,MIN,2024,33,93,315,65,48,10,0,7,27,11,65,11,3,1,3%,21%,0.17,0.221,0.250,0.248,0.327,0.575,0.105,22,60,21%,39%,40%,0.98,39%,38%,24%,14%,56%,29%
Christian Walker,ARI,2024,33,130,552,120,68,26,0,26,84,55,133,12,2,2,10%,24%,0.41,0.251,0.343,0.335,0.468,0.803,0.217,79,119,15%,38%,47%,0.81,42%,35%,23%,14%,47%,39%
Christian Yelich,MIL,2024,32,73,315,85,59,12,3,11,42,40,58,3,21,1,13%,18%,0.69,0.315,0.391,0.406,0.504,0.909,0.189,57,153,19%,55%,27%,2.05,41%,34%,26%,16%,48%,36%
Christopher Morel,TBR,2024,25,152,611,105,70,11,3,21,60,61,159,15,8,7,10%,26%,0.38,0.196,0.280,0.288,0.346,0.634,0.150,57,82,14%,45%,40%,1.13,46%,36%,17%,19%,48%,34%
CJ Abrams,WSN,2024,23,138,602,133,78,29,6,20,65,40,128,4,31,12,7%,21%,0.31,0.246,0.322,0.314,0.433,0.747,0.187,76,107,18%,40%,42%,0.96,47%,31%,22%,18%,49%,33%
Cody Bellinger,CHC,2024,28,130,569,137,93,23,3,18,78,45,89,10,9,2,8%,16%,0.51,0.266,0.322,0.325,0.426,0.751,0.161,72,109,17%,37%,46%,0.80,43%,34%,24%,17%,55%,27%
Colt Keith,DET,2024,22,148,556,134,102,15,4,13,61,36,110,4,7,1,6%,20%,0.33,0.260,0.301,0.309,0.380,0.689,0.120,61,97,21%,44%,34%,1.29,36%,38%,27%,16%,56%,28%
Colton Cowser,BAL,2024,24,153,561,121,70,24,3,24,69,52,172,9,9,4,9%,31%,0.30,0.242,0.331,0.321,0.447,0.768,0.204,75,120,17%,43%,39%,1.11,40%,35%,25%,11%,53%,37%
Connor Joe,PIT,2024,31,123,416,83,51,22,1,9,36,44,91,7,2,2,11%,22%,0.48,0.228,0.305,0.320,0.368,0.688,0.140,47,92,15%,43%,42%,1.02,42%,30%,28%,21%,55%,23%
Connor Norby,MIA,2024,24,45,194,42,24,9,0,9,20,15,64,2,3,3,8%,33%,0.23,0.236,0.316,0.294,0.438,0.732,0.202,24,101,25%,34%,41%,0.83,49%,28%,23%,19%,45%,36%
Connor Wong,BOS,2024,28,126,487,125,87,24,1,13,52,28,114,7,8,7,6%,23%,0.25,0.280,0.330,0.333,0.425,0.758,0.145,65,110,21%,43%,36%,1.21,42%,32%,26%,19%,54%,27%
Corbin Carroll,ARI,2024,23,158,684,136,78,22,14,22,74,73,130,3,35,8,11%,19%,0.56,0.231,0.325,0.322,0.428,0.749,0.197,88,107,17%,44%,39%,1.13,41%,34%,26%,20%,46%,33%
Corey Julks,CHW,2024,28,66,189,37,27,7,0,3,14,15,50,6,5,2,8%,26%,0.30,0.214,0.260,0.275,0.306,0.581,0.092,14,66,19%,39%,42%,0.92,35%,35%,30%,22%,54%,24%
Corey Seager,TEX,2024,30,123,533,132,81,21,0,30,74,53,96,8,1,1,10%,18%,0.55,0.278,0.365,0.353,0.512,0.864,0.234,86,140,17%,41%,42%,0.98,44%,34%,23%,9%,48%,43%
Cristian Pache,MIA,2024,25,88,183,33,23,8,1,1,16,17,64,2,1,0,9%,35%,0.27,0.200,0.250,0.273,0.279,0.552,0.079,12,56,15%,51%,34%,1.47,38%,34%,27%,11%,54%,35%
Curt Casali,SFG,2024,35,41,125,21,17,3,0,1,8,13,22,3,0,0,10%,18%,0.59,0.194,0.254,0.293,0.250,0.543,0.056,9,62,19%,38%,44%,0.86,44%,35%,20%,22%,60%,18%
Curtis Mead,TBR,2024,23,38,132,29,25,3,0,1,7,6,30,2,2,0,5%,23%,0.20,0.238,0.255,0.282,0.287,0.569,0.049,10,67,25%,35%,40%,0.89,39%,28%,33%,17%,53%,30%
Dairon Blanco,KCR,2024,31,88,132,31,23,4,0,4,13,8,32,2,31,7,6%,24%,0.25,0.258,0.306,0.308,0.392,0.699,0.133,15,94,11%,47%,42%,1.12,30%,48%,22%,17%,49%,34%
Dane Myers,MIA,2024,28,44,108,25,15,6,1,3,19,8,36,0,4,1,7%,33%,0.22,0.263,0.335,0.333,0.442,0.775,0.179,15,112,18%,44%,38%,1.17,26%,46%,28%,15%,49%,36%
Daniel Schneemann,CLE,2024,27,73,221,42,25,10,2,5,22,25,70,1,3,2,11%,32%,0.36,0.218,0.295,0.303,0.368,0.671,0.150,23,93,22%,43%,35%,1.23,40%,40%,20%,11%,55%,34%
Danny Jansen,BOS,2024,29,94,324,57,35,13,0,9,24,40,61,4,0,0,12%,19%,0.66,0.205,0.294,0.309,0.349,0.658,0.144,34,90,16%,30%,53%,0.57,52%,30%,18%,18%,54%,28%
Danny Mendick,CHW,2024,30,47,141,26,16,7,0,3,8,6,35,3,6,0,4%,25%,0.17,0.197,0.247,0.243,0.318,0.561,0.121,9,57,19%,40%,41%,0.97,43%,32%,26%,19%,56%,24%
Dansby Swanson,CHC,2024,30,149,593,129,84,27,2,16,66,54,144,7,19,3,9%,24%,0.38,0.242,0.307,0.312,0.390,0.701,0.148,68,99,17%,50%,33%,1.50,46%,35%,19%,15%,54%,31%
Darell Hernaiz,OAK,2024,22,48,135,23,19,3,0,1,12,11,27,4,1,1,8%,20%,0.41,0.192,0.230,0.261,0.242,0.503,0.050,7,50,14%,49%,37%,1.35,24%,48%,28%,13%,66%,22%
Daulton Varsho,TOR,2024,27,136,513,98,52,21,7,18,58,48,137,2,10,2,9%,27%,0.35,0.214,0.304,0.293,0.407,0.700,0.194,58,99,15%,32%,53%,0.61,52%,25%,23%,22%,48%,30%
David Fry,CLE,2024,28,122,392,88,55,18,1,14,51,42,84,13,4,1,11%,21%,0.50,0.263,0.347,0.356,0.448,0.804,0.185,58,129,22%,33%,44%,0.76,47%,31%,22%,16%,53%,31%
David Hamilton,BOS,2024,26,98,317,73,47,17,1,8,28,22,80,1,33,4,7%,25%,0.28,0.248,0.305,0.303,0.395,0.697,0.146,36,92,21%,37%,43%,0.87,41%,32%,27%,12%,63%,25%
David Peralta,SDP,2024,36,91,260,63,44,11,0,8,28,22,54,3,2,0,8%,21%,0.41,0.267,0.329,0.335,0.415,0.750,0.148,34,115,22%,47%,31%,1.54,38%,38%,24%,16%,52%,32%
Davis Schneider,TOR,2024,25,135,454,76,43,19,1,13,46,47,144,2,6,0,10%,32%,0.33,0.191,0.277,0.282,0.343,0.625,0.151,41,80,21%,30%,50%,0.60,47%,27%,26%,14%,52%,34%
Daz Cameron,OAK,2024,27,66,186,34,23,5,1,5,15,13,51,3,5,0,7%,27%,0.25,0.200,0.258,0.258,0.329,0.587,0.129,14,70,13%,48%,39%,1.21,40%,39%,21%,12%,51%,37%
Derek Hill,MIA,2024,28,53,172,39,26,4,2,7,25,5,56,2,6,2,3%,33%,0.09,0.241,0.296,0.271,0.420,0.690,0.179,18,88,23%,45%,32%,1.42,32%,40%,28%,14%,55%,31%
DJ LeMahieu,NYY,2024,35,67,228,41,34,5,0,2,26,19,35,13,0,1,8%,15%,0.54,0.204,0.239,0.269,0.259,0.527,0.055,14,52,15%,56%,28%,1.98,30%,45%,25%,15%,55%,29%
DJ Stewart,NYM,2024,30,74,194,28,19,4,0,5,19,31,48,5,1,0,16%,25%,0.65,0.177,0.290,0.325,0.297,0.622,0.120,20,88,19%,32%,49%,0.67,52%,30%,18%,21%,45%,34%
Dominic Canzone,SEA,2024,26,67,188,33,18,7,0,8,17,18,53,5,1,0,10%,28%,0.34,0.196,0.280,0.271,0.381,0.652,0.185,17,87,13%,44%,43%,1.04,35%,43%,22%,21%,49%,31%
Dominic Fletcher,CHW,2024,26,72,241,46,37,8,0,1,17,11,58,5,0,0,5%,24%,0.19,0.206,0.227,0.252,0.256,0.508,0.049,12,43,22%,44%,33%,1.33,30%,39%,30%,20%,58%,23%
Dominic Smith,CIN,2024,29,93,307,64,36,22,0,6,34,28,76,7,1,1,9%,25%,0.37,0.233,0.306,0.313,0.378,0.691,0.145,35,93,20%,41%,39%,1.04,42%,36%,23%,13%,55%,32%
Donovan Solano,SDP,2024,36,96,309,81,60,13,0,8,35,22,65,6,2,1,7%,21%,0.34,0.286,0.333,0.343,0.417,0.760,0.131,42,118,23%,44%,33%,1.35,35%,41%,24%,15%,57%,29%
Dylan Carlson,TBR,2024,25,96,265,49,39,7,0,3,25,22,75,2,2,1,8%,28%,0.29,0.209,0.257,0.287,0.277,0.563,0.068,20,67,20%,41%,39%,1.06,41%,33%,26%,15%,59%,26%
Dylan Crews,WSN,2024,22,31,132,26,17,5,1,3,8,11,26,4,12,3,8%,20%,0.42,0.218,0.283,0.288,0.353,0.641,0.134,13,80,11%,57%,32%,1.80,40%,44%,16%,17%,53%,30%
Dylan Moore,SEA,2024,31,135,441,74,37,23,4,10,42,53,123,8,32,6,12%,28%,0.43,0.201,0.306,0.320,0.367,0.687,0.166,50,105,19%,30%,51%,0.58,51%,31%,18%,15%,55%,31%
Eddie Rosario,ATL,2024,32,91,319,52,30,12,0,10,35,16,77,4,9,1,5%,24%,0.21,0.175,0.230,0.215,0.316,0.531,0.141,17,45,20%,39%,41%,0.97,45%,29%,26%,11%,56%,33%
Edmundo Sosa,PHI,2024,28,90,274,64,41,12,4,7,31,13,66,5,7,1,5%,24%,0.20,0.257,0.318,0.313,0.422,0.734,0.165,34,103,20%,44%,36%,1.21,42%,34%,24%,16%,47%,37%
Edouard Julien,MIN,2024,25,94,301,53,36,9,0,8,21,33,102,2,6,0,11%,34%,0.32,0.199,0.278,0.292,0.323,0.616,0.124,27,80,24%,44%,32%,1.36,37%,33%,30%,15%,58%,27%
Edward Olivares,PIT,2024,28,55,196,39,30,4,0,5,23,16,37,3,1,0,8%,19%,0.43,0.224,0.276,0.291,0.333,0.624,0.109,18,73,18%,50%,33%,1.52,50%,30%,19%,24%,52%,23%
Elehuris Montero,COL,2024,25,67,247,46,32,10,0,4,28,20,56,7,0,0,8%,23%,0.36,0.205,0.254,0.267,0.304,0.571,0.098,18,48,15%,37%,47%,0.79,42%,34%,25%,18%,50%,33%
Elias Díaz,SDP,2024,33,96,351,86,60,20,0,6,39,20,69,15,0,0,6%,20%,0.29,0.265,0.303,0.313,0.382,0.695,0.117,39,81,18%,52%,30%,1.74,41%,37%,22%,17%,55%,28%
Elly De La Cruz,CIN,2024,22,160,696,160,89,36,10,25,76,69,218,12,67,16,10%,31%,0.32,0.259,0.349,0.339,0.471,0.809,0.212,103,118,21%,46%,33%,1.40,44%,34%,22%,9%,54%,37%
Eloy Jiménez,BAL,2024,27,98,349,77,57,14,0,6,23,22,70,13,3,0,6%,20%,0.31,0.238,0.276,0.289,0.336,0.626,0.099,31,78,15%,56%,29%,1.96,40%,42%,18%,15%,51%,34%
Emmanuel Rivera,BAL,2024,28,124,302,63,47,9,2,5,29,26,69,7,2,0,9%,23%,0.38,0.238,0.291,0.312,0.343,0.656,0.106,31,86,16%,52%,32%,1.64,32%,42%,26%,13%,49%,39%
Enmanuel Valdez,BOS,2024,25,76,223,43,25,12,0,6,28,17,53,4,1,1,8%,24%,0.32,0.214,0.275,0.270,0.363,0.633,0.149,20,72,19%,34%,48%,0.71,46%,32%,22%,16%,53%,31%
Enrique Hernández,LAD,2024,32,126,393,83,55,16,0,12,42,27,77,13,0,0,7%,20%,0.35,0.229,0.285,0.281,0.373,0.654,0.144,38,83,20%,36%,44%,0.81,37%,38%,25%,12%,52%,35%
Ernie Clement,TOR,2024,28,139,452,114,78,21,3,12,51,11,41,11,12,3,2%,9%,0.27,0.263,0.297,0.284,0.408,0.692,0.145,48,94,20%,38%,42%,0.91,47%,33%,20%,20%,55%,25%
Estevan Florial,CLE,2024,26,36,111,17,6,6,2,3,11,11,41,2,2,1,10%,37%,0.27,0.173,0.277,0.264,0.367,0.631,0.194,10,80,19%,44%,37%,1.19,50%,31%,19%,17%,52%,31%
Eugenio Suárez,ARI,2024,32,158,640,146,86,28,2,30,101,49,176,10,2,1,8%,28%,0.28,0.256,0.337,0.319,0.469,0.788,0.214,89,115,24%,33%,44%,0.75,52%,26%,23%,15%,49%,36%
Evan Carter,TEX,2024,21,45,162,27,14,6,2,5,15,15,43,1,2,0,9%,27%,0.35,0.188,0.278,0.272,0.361,0.633,0.174,15,80,15%,41%,44%,0.93,42%,36%,22%,24%,45%,31%
Ezequiel Duran,TEX,2024,25,92,285,66,52,11,0,3,20,14,63,6,1,2,5%,22%,0.22,0.246,0.270,0.288,0.321,0.609,0.075,24,74,16%,47%,38%,1.25,32%,41%,28%,18%,55%,26%
Ezequiel Tovar,COL,2024,22,157,695,176,101,45,4,26,78,23,200,16,6,5,3%,29%,0.12,0.269,0.324,0.295,0.469,0.763,0.200,89,95,21%,33%,46%,0.72,39%,35%,26%,13%,51%,36%
Fernando Tatis Jr.,SDP,2024,25,102,438,110,67,21,1,21,49,32,96,8,11,3,7%,22%,0.33,0.276,0.359,0.340,0.492,0.833,0.216,68,135,20%,46%,34%,1.36,41%,33%,27%,11%,50%,39%
Francisco Alvarez,NYM,2024,22,100,342,73,46,14,2,11,47,30,86,7,1,1,9%,25%,0.35,0.237,0.310,0.307,0.403,0.710,0.166,40,102,16%,52%,32%,1.65,35%,37%,29%,18%,51%,31%
Francisco Lindor,NYM,2024,30,152,689,169,96,39,1,33,91,56,127,7,29,4,8%,18%,0.44,0.273,0.363,0.344,0.500,0.844,0.227,110,137,22%,34%,43%,0.80,45%,34%,21%,12%,51%,37%
Freddie Freeman,LAD,2024,34,147,638,153,94,35,2,22,89,78,100,13,9,2,12%,16%,0.78,0.282,0.365,0.378,0.476,0.854,0.194,103,137,23%,39%,39%,1.00,35%,34%,31%,12%,55%,32%
Freddy Fermin,KCR,2024,29,111,368,92,72,14,0,6,36,23,66,10,2,0,6%,18%,0.35,0.271,0.300,0.319,0.366,0.685,0.094,40,91,20%,49%,31%,1.58,48%,31%,21%,14%,60%,26%
Gabriel Arias,CLE,2024,24,53,161,34,21,9,1,3,15,6,53,4,5,2,4%,33%,0.11,0.222,0.263,0.255,0.353,0.608,0.131,13,70,24%,51%,25%,2.08,38%,39%,24%,17%,51%,32%
Gabriel Moreno,ARI,2024,24,97,351,81,57,18,1,5,45,41,52,10,3,1,12%,15%,0.79,0.266,0.325,0.353,0.380,0.734,0.115,45,107,18%,50%,32%,1.55,30%,39%,30%,14%,53%,33%
Garrett Cooper,BOS,2024,33,36,116,22,15,5,1,1,11,7,35,3,0,0,6%,30%,0.20,0.206,0.253,0.267,0.299,0.566,0.093,8,58,26%,40%,33%,1.21,36%,35%,29%,18%,54%,28%
Garrett Hampson,KCR,2024,29,113,231,49,35,13,1,0,16,14,59,3,7,2,6%,26%,0.24,0.230,0.255,0.275,0.300,0.576,0.070,17,59,20%,36%,44%,0.83,39%,31%,30%,23%,50%,27%
Garrett Mitchell,MIL,2024,25,69,224,50,27,12,3,8,21,25,71,1,11,4,11%,32%,0.35,0.255,0.351,0.342,0.469,0.812,0.214,34,126,22%,56%,23%,2.48,39%,37%,24%,17%,54%,29%
Garrett Stubbs,PHI,2024,31,56,187,34,28,4,1,1,11,17,50,0,5,0,9%,27%,0.34,0.207,0.258,0.296,0.262,0.558,0.055,14,63,29%,30%,41%,0.73,43%,30%,26%,27%,60%,13%
Gary Sánchez,MIL,2024,31,89,280,54,35,7,1,11,37,27,76,9,0,0,10%,27%,0.36,0.220,0.307,0.307,0.392,0.699,0.171,32,96,19%,40%,41%,0.97,48%,41%,12%,15%,52%,33%
Gavin Lux,LAD,2024,26,139,487,110,74,24,2,10,50,44,110,8,5,2,9%,23%,0.40,0.251,0.310,0.320,0.383,0.703,0.132,57,100,21%,49%,30%,1.63,38%,40%,22%,19%,51%,30%
Gavin Sheets,CHW,2024,28,139,501,105,70,24,1,10,45,43,106,6,2,2,9%,21%,0.41,0.233,0.291,0.303,0.357,0.660,0.124,51,88,22%,37%,41%,0.89,40%,32%,27%,18%,54%,28%
George Springer,TOR,2024,34,145,614,120,79,19,3,19,56,60,115,16,16,1,10%,19%,0.52,0.220,0.298,0.303,0.371,0.674,0.150,66,95,16%,51%,33%,1.54,40%,37%,23%,17%,53%,30%
Geraldo Perdomo,ARI,2024,24,98,388,92,66,21,2,3,37,36,58,5,9,1,9%,15%,0.62,0.273,0.317,0.344,0.374,0.718,0.101,48,101,19%,41%,40%,1.04,38%,34%,28%,16%,58%,25%
Giancarlo Stanton,NYY,2024,34,114,459,97,50,20,0,27,72,38,143,17,0,0,8%,31%,0.27,0.233,0.330,0.298,0.475,0.773,0.242,61,116,17%,39%,44%,0.88,43%,36%,21%,18%,38%,44%
Gio Urshela,ATL,2024,32,128,461,108,79,19,1,9,52,23,72,13,0,0,5%,16%,0.32,0.250,0.281,0.286,0.361,0.647,0.111,43,81,24%,46%,30%,1.50,35%,38%,28%,18%,58%,24%
Gleyber Torres,NYY,2024,27,154,665,151,110,26,0,15,63,65,136,6,4,3,10%,20%,0.48,0.257,0.313,0.330,0.378,0.709,0.121,79,104,23%,37%,40%,0.91,34%,34%,32%,14%,59%,27%
Grant McCray,SFG,2024,23,37,130,25,15,3,2,5,10,6,56,3,5,0,5%,43%,0.11,0.202,0.266,0.238,0.379,0.617,0.177,11,71,17%,48%,34%,1.41,38%,35%,26%,16%,46%,38%
Gunnar Henderson,BAL,2024,23,159,719,177,102,31,7,37,92,78,159,2,21,4,11%,22%,0.49,0.281,0.381,0.364,0.529,0.893,0.248,125,155,21%,47%,33%,1.43,39%,38%,23%,13%,43%,43%
Ha-Seong Kim,SDP,2024,28,121,470,94,64,16,3,11,47,58,77,8,22,5,12%,16%,0.75,0.233,0.308,0.330,0.370,0.700,0.136,54,101,18%,40%,43%,0.93,43%,35%,22%,19%,56%,25%
Harold Ramírez,WSN,2024,29,73,246,62,52,7,1,2,29,5,50,2,6,2,2%,20%,0.10,0.261,0.265,0.280,0.324,0.604,0.063,20,72,17%,63%,20%,3.13,31%,32%,38%,21%,57%,22%
Harrison Bader,NYM,2024,30,143,437,95,64,19,0,12,51,21,95,6,17,8,5%,22%,0.22,0.236,0.285,0.284,0.373,0.657,0.137,42,85,21%,43%,36%,1.19,47%,36%,17%,19%,54%,27%
Heliot Ramos,SFG,2024,24,121,518,128,80,23,3,22,72,37,135,12,6,1,7%,26%,0.27,0.269,0.339,0.322,0.469,0.792,0.200,73,120,20%,43%,37%,1.17,31%,39%,30%,17%,52%,32%
Henry Davis,PIT,2024,24,37,122,15,10,4,0,1,5,13,45,1,0,0,11%,37%,0.29,0.144,0.213,0.242,0.212,0.453,0.067,5,30,16%,39%,44%,0.89,52%,23%,26%,32%,50%,18%
Heston Kjerstad,BAL,2024,25,39,114,25,19,2,0,4,14,10,33,0,1,0,9%,29%,0.30,0.253,0.327,0.351,0.394,0.745,0.141,15,116,20%,45%,35%,1.30,29%,44%,27%,18%,53%,29%
Hunter Goodman,COL,2024,24,70,224,40,18,9,0,13,36,8,64,5,1,1,4%,29%,0.13,0.190,0.274,0.228,0.417,0.645,0.227,20,61,15%,39%,46%,0.85,45%,32%,23%,18%,47%,35%
Hunter Renfroe,KCR,2024,32,120,424,88,55,18,0,15,52,36,84,10,1,1,8%,20%,0.43,0.229,0.302,0.297,0.392,0.689,0.164,47,92,15%,39%,46%,0.86,50%,32%,18%,23%,47%,30%
Ian Happ,CHC,2024,29,153,657,138,77,34,2,25,86,80,168,7,13,2,12%,26%,0.48,0.243,0.341,0.341,0.441,0.782,0.199,93,122,19%,39%,42%,0.93,40%,33%,27%,15%,47%,38%
Ildemaro Vargas,WSN,2024,32,97,303,67,50,16,0,1,30,19,31,9,9,4,6%,10%,0.61,0.246,0.271,0.295,0.316,0.611,0.070,26,72,20%,52%,28%,1.85,49%,32%,19%,17%,59%,24%
Isaac Paredes,CHC,2024,25,153,641,129,84,25,1,19,80,76,105,17,1,1,12%,16%,0.72,0.238,0.327,0.346,0.393,0.739,0.155,84,117,24%,30%,46%,0.67,54%,29%,17%,21%,54%,24%
Isiah Kiner-Falefa,PIT,2024,29,133,496,125,95,18,4,8,43,16,78,12,11,2,3%,16%,0.21,0.269,0.299,0.306,0.376,0.683,0.108,54,93,21%,47%,32%,1.49,36%,39%,25%,17%,57%,26%
Iván Herrera,STL,2024,24,72,259,69,51,12,1,5,27,25,53,3,5,0,10%,20%,0.47,0.301,0.351,0.372,0.428,0.800,0.127,39,127,27%,43%,30%,1.45,36%,37%,28%,17%,47%,36%
J.D. Davis,NYY,2024,31,46,157,31,22,5,0,4,6,12,39,5,0,0,8%,25%,0.31,0.218,0.282,0.293,0.338,0.631,0.120,15,86,12%,64%,24%,2.64,41%,37%,22%,16%,55%,29%
J.D. Martinez,NYM,2024,36,120,495,102,61,24,1,16,69,49,141,17,0,0,10%,28%,0.35,0.235,0.318,0.320,0.406,0.725,0.171,61,108,20%,38%,42%,0.91,37%,35%,28%,12%,51%,37%
J.P. Crawford,SEA,2024,29,105,451,79,52,16,2,9,37,52,102,4,5,0,12%,23%,0.51,0.202,0.283,0.304,0.321,0.625,0.120,43,89,18%,46%,36%,1.26,33%,41%,26%,19%,52%,29%
J.T. Realmuto,PHI,2024,33,99,413,101,68,18,1,14,47,27,102,7,2,2,7%,25%,0.26,0.266,0.326,0.322,0.429,0.751,0.163,54,109,22%,45%,33%,1.34,41%,37%,23%,15%,49%,36%
Jack Suwinski,PIT,2024,25,88,277,45,28,8,0,9,26,27,79,3,9,1,10%,29%,0.34,0.182,0.260,0.264,0.324,0.588,0.142,21,62,18%,46%,36%,1.30,44%,32%,24%,16%,51%,34%
Jackson Chourio,MIL,2024,20,148,573,145,91,29,4,21,79,39,121,7,22,7,7%,21%,0.32,0.275,0.339,0.327,0.464,0.791,0.189,80,117,20%,48%,32%,1.53,36%,41%,23%,16%,49%,36%
Jackson Holliday,BAL,2024,20,60,208,36,25,4,2,5,23,15,69,1,4,0,7%,33%,0.22,0.189,0.251,0.255,0.311,0.565,0.121,14,63,10%,55%,35%,1.56,39%,36%,25%,12%,45%,43%
Jackson Merrill,SDP,2024,21,156,593,162,101,31,6,24,90,29,101,2,16,3,5%,17%,0.29,0.292,0.352,0.326,0.500,0.826,0.208,89,130,24%,36%,40%,0.89,33%,41%,26%,12%,52%,35%
Jacob Stallings,COL,2024,34,82,281,64,37,17,1,9,36,27,65,10,0,0,10%,23%,0.42,0.263,0.353,0.357,0.453,0.810,0.189,42,114,19%,45%,36%,1.27,39%,37%,24%,17%,49%,33%
Jacob Wilson,OAK,2024,22,28,103,23,19,2,2,0,3,8,10,4,0,0,8%,10%,0.80,0.250,0.281,0.314,0.315,0.629,0.065,10,86,22%,52%,27%,1.95,35%,42%,24%,12%,64%,24%
Jacob Young,WSN,2024,24,150,521,120,92,24,1,3,36,30,102,11,33,10,6%,20%,0.29,0.256,0.290,0.316,0.331,0.648,0.075,52,85,23%,53%,24%,2.17,30%,34%,36%,17%,62%,20%
Jake Bauers,MIL,2024,28,117,346,60,37,9,2,12,43,39,118,0,13,1,11%,34%,0.33,0.199,0.294,0.301,0.361,0.662,0.162,36,87,22%,29%,50%,0.58,50%,31%,19%,18%,48%,34%
Jake Burger,MIA,2024,28,137,579,134,81,23,1,29,76,31,150,11,1,1,5%,26%,0.21,0.250,0.325,0.301,0.460,0.760,0.209,75,106,15%,44%,41%,1.09,45%,35%,20%,16%,47%,38%
Jake Cave,COL,2024,31,123,346,81,53,16,5,7,37,18,98,6,5,2,5%,28%,0.18,0.251,0.295,0.290,0.396,0.686,0.146,36,75,26%,46%,29%,1.60,34%,39%,27%,14%,53%,32%
Jake Cronenworth,SDP,2024,30,155,656,139,90,29,3,17,83,61,118,19,5,2,9%,18%,0.52,0.241,0.315,0.324,0.390,0.714,0.149,79,105,20%,43%,37%,1.18,33%,38%,29%,17%,52%,31%
Jake Fraley,CIN,2024,29,116,382,97,71,19,2,5,26,26,70,6,20,5,7%,18%,0.37,0.277,0.314,0.330,0.386,0.716,0.109,46,95,24%,44%,31%,1.40,45%,34%,21%,25%,54%,22%
Jake McCarthy,ARI,2024,26,142,495,126,98,13,7,8,56,31,78,4,25,6,6%,16%,0.40,0.285,0.329,0.349,0.400,0.749,0.115,65,110,21%,50%,29%,1.74,37%,39%,24%,16%,65%,20%
Jake Meyers,HOU,2024,28,148,513,101,65,20,3,13,61,35,117,17,11,3,7%,23%,0.30,0.219,0.285,0.286,0.360,0.646,0.141,49,86,18%,43%,39%,1.11,44%,35%,22%,15%,56%,30%
Jake Rogers,DET,2024,29,102,337,61,34,16,1,10,36,22,99,6,1,0,7%,29%,0.22,0.197,0.264,0.255,0.352,0.607,0.155,27,71,16%,41%,43%,0.96,48%,37%,15%,13%,53%,35%
James McCann,BAL,2024,34,66,233,50,33,9,0,8,31,13,56,3,1,0,6%,24%,0.23,0.234,0.288,0.279,0.388,0.667,0.154,23,89,21%,39%,41%,0.95,33%,39%,28%,18%,57%,25%
James Outman,LAD,2024,27,53,156,20,12,4,0,4,11,16,55,0,2,1,10%,35%,0.29,0.147,0.242,0.256,0.265,0.521,0.118,10,54,27%,32%,41%,0.79,41%,32%,27%,17%,43%,40%
James Wood,WSN,2024,21,79,336,78,52,13,4,9,41,39,97,1,14,8,12%,29%,0.40,0.264,0.342,0.354,0.427,0.781,0.163,48,120,22%,56%,22%,2.50,32%,37%,31%,15%,45%,40%
Jared Triolo,PIT,2024,26,125,446,85,65,10,1,9,46,42,118,5,8,1,9%,26%,0.36,0.216,0.275,0.296,0.315,0.611,0.099,39,72,19%,42%,39%,1.05,41%,34%,25%,14%,58%,28%
Jarred Kelenic,ATL,2024,24,131,449,95,60,18,2,15,45,32,133,5,7,2,7%,30%,0.24,0.231,0.294,0.286,0.393,0.679,0.163,47,86,25%,35%,40%,0.88,45%,35%,20%,14%,47%,39%
Jarren Duran,BOS,2024,27,160,735,191,108,48,14,21,75,54,160,6,34,7,7%,22%,0.34,0.285,0.357,0.342,0.492,0.834,0.207,114,129,18%,47%,35%,1.32,32%,38%,30%,16%,50%,34%
Jason Heyward,HOU,2024,34,87,258,48,24,12,2,10,37,22,53,3,5,0,9%,21%,0.42,0.211,0.300,0.288,0.412,0.700,0.202,28,94,15%,52%,33%,1.56,56%,30%,14%,17%,57%,26%
Javier Báez,DET,2024,31,80,289,50,32,12,0,6,37,12,69,10,8,1,4%,24%,0.17,0.184,0.224,0.221,0.294,0.516,0.110,14,43,18%,47%,35%,1.33,44%,37%,19%,19%,53%,27%
Jazz Chisholm Jr.,NYY,2024,26,147,621,144,95,21,4,24,73,53,152,6,40,10,9%,24%,0.35,0.256,0.327,0.324,0.436,0.760,0.180,81,110,16%,49%,35%,1.39,44%,38%,18%,14%,52%,34%
Jeff McNeil,NYM,2024,32,129,472,101,63,26,0,12,44,35,68,6,5,1,7%,14%,0.51,0.238,0.304,0.308,0.384,0.692,0.146,53,97,19%,39%,41%,0.95,44%,37%,19%,19%,50%,31%
Jeimer Candelario,CIN,2024,30,112,463,96,51,23,2,20,56,27,114,7,4,3,6%,25%,0.24,0.225,0.304,0.279,0.429,0.707,0.204,52,87,18%,41%,40%,1.03,48%,31%,20%,16%,56%,28%
Jerar Encarnacion,SFG,2024,26,35,119,28,18,5,0,5,19,5,34,0,1,0,4%,29%,0.15,0.248,0.301,0.277,0.425,0.702,0.177,13,94,24%,49%,28%,1.77,35%,35%,30%,6%,50%,44%
Jeremy Peña,HOU,2024,26,157,650,160,115,28,2,15,70,25,111,15,20,6,4%,17%,0.23,0.266,0.305,0.308,0.394,0.701,0.128,73,100,19%,49%,31%,1.57,42%,38%,20%,19%,55%,27%
Jesse Winker,NYM,2024,30,145,508,109,72,23,0,14,58,63,106,12,14,4,12%,21%,0.59,0.253,0.338,0.360,0.405,0.764,0.151,71,118,22%,45%,33%,1.35,36%,36%,29%,20%,49%,31%
Jesús Sánchez,MIA,2024,26,149,537,123,79,25,1,18,64,41,140,12,16,2,8%,26%,0.29,0.252,0.317,0.313,0.417,0.731,0.166,66,100,20%,50%,29%,1.71,35%,35%,30%,15%,47%,38%
Jhonkensy Noel,CLE,2024,22,67,198,39,18,7,1,13,28,13,63,1,0,0,7%,32%,0.21,0.218,0.331,0.288,0.486,0.774,0.268,26,118,16%,35%,49%,0.72,54%,27%,19%,26%,44%,29%
JJ Bleday,OAK,2024,26,159,642,139,72,43,4,20,60,67,125,8,2,3,10%,19%,0.54,0.243,0.330,0.324,0.437,0.762,0.194,85,120,18%,34%,48%,0.71,42%,35%,23%,17%,50%,33%
Jo Adell,LAA,2024,25,130,451,84,47,15,2,20,62,35,126,9,15,10,8%,28%,0.28,0.207,0.296,0.280,0.402,0.682,0.195,48,90,18%,35%,46%,0.77,42%,34%,24%,18%,51%,32%
Joc Pederson,ARI,2024,32,132,449,101,60,17,1,23,64,55,105,5,7,4,12%,23%,0.52,0.275,0.391,0.393,0.515,0.908,0.240,82,151,21%,39%,40%,0.97,50%,36%,14%,14%,49%,38%
Joey Bart,PIT,2024,27,80,282,67,43,11,0,13,45,22,73,8,0,0,8%,26%,0.30,0.265,0.347,0.337,0.462,0.799,0.198,41,121,18%,48%,34%,1.39,48%,35%,18%,18%,49%,33%
Joey Gallo,WSN,2024,30,76,260,36,17,9,0,10,27,32,102,1,3,1,12%,39%,0.31,0.161,0.276,0.277,0.336,0.613,0.175,23,76,20%,27%,53%,0.52,55%,25%,20%,19%,42%,39%
Joey Loperfido,TOR,2024,25,81,262,52,31,13,4,4,25,13,95,3,4,2,5%,36%,0.14,0.214,0.268,0.264,0.350,0.614,0.136,22,74,26%,41%,33%,1.22,46%,31%,23%,13%,65%,23%
Joey Meneses,WSN,2024,32,76,313,65,51,11,0,3,42,21,63,9,2,0,7%,20%,0.33,0.231,0.264,0.291,0.302,0.593,0.071,25,68,16%,50%,34%,1.44,41%,40%,19%,13%,57%,29%
Joey Ortiz,MIL,2024,25,142,511,105,63,25,6,11,60,56,103,10,11,6,11%,20%,0.54,0.239,0.319,0.329,0.398,0.726,0.159,63,104,14%,49%,37%,1.33,36%,34%,30%,18%,51%,30%
Johan Rojas,PHI,2024,23,120,363,82,64,12,3,3,32,13,69,7,25,4,4%,19%,0.19,0.243,0.265,0.279,0.322,0.601,0.080,29,68,11%,57%,31%,1.82,39%,39%,22%,23%,53%,23%
Jon Singleton,HOU,2024,32,119,405,83,56,13,1,13,42,47,111,2,0,0,12%,27%,0.42,0.234,0.312,0.321,0.386,0.707,0.152,48,105,19%,40%,42%,0.95,40%,36%,24%,18%,56%,26%
Jonah Bride,MIA,2024,28,71,272,64,43,10,0,11,39,30,55,9,0,1,11%,20%,0.55,0.276,0.351,0.357,0.461,0.818,0.185,41,123,16%,47%,36%,1.30,49%,27%,23%,21%,51%,28%
Jonah Heim,TEX,2024,29,131,491,101,75,12,1,13,59,26,90,13,1,1,5%,18%,0.29,0.220,0.265,0.267,0.336,0.602,0.115,40,70,18%,42%,40%,1.06,42%,35%,24%,13%,55%,32%
Jonathan Aranda,TBR,2024,26,44,143,30,17,7,0,6,14,12,32,2,0,0,8%,22%,0.38,0.234,0.320,0.308,0.430,0.737,0.195,18,113,14%,51%,35%,1.44,52%,29%,20%,11%,41%,47%
Jonathan India,CIN,2024,27,151,637,132,87,28,2,15,58,80,125,16,13,2,13%,20%,0.64,0.248,0.333,0.357,0.392,0.750,0.144,86,108,22%,42%,36%,1.17,42%,38%,20%,17%,53%,30%
Jonny DeLuca,TBR,2024,25,107,362,72,50,12,4,6,31,24,77,1,16,6,7%,21%,0.31,0.217,0.269,0.278,0.331,0.609,0.114,30,77,20%,37%,42%,0.88,46%,31%,24%,23%,50%,27%
Jordan Beck,COL,2024,23,55,184,32,23,6,0,3,13,12,65,3,7,1,7%,35%,0.18,0.188,0.231,0.245,0.276,0.521,0.088,10,32,21%,46%,33%,1.40,41%,35%,25%,10%,50%,40%
Jordan Walker,STL,2024,22,51,178,33,17,10,1,5,20,10,50,4,1,0,6%,28%,0.20,0.201,0.268,0.253,0.366,0.619,0.165,15,72,7%,51%,42%,1.20,41%,36%,22%,16%,47%,36%
Jordan Westburg,BAL,2024,25,107,447,110,61,26,5,18,63,22,97,5,6,3,5%,22%,0.23,0.264,0.340,0.312,0.481,0.792,0.216,63,125,19%,42%,39%,1.08,41%,36%,23%,12%,46%,41%
Jorge Mateo,BAL,2024,29,68,208,44,23,14,2,5,18,10,48,3,13,2,5%,23%,0.21,0.229,0.286,0.267,0.401,0.668,0.172,20,87,18%,43%,39%,1.13,40%,38%,22%,17%,52%,31%
Jorge Polanco,SEA,2024,30,118,469,89,62,11,0,16,45,46,137,16,4,2,10%,29%,0.34,0.213,0.287,0.296,0.355,0.651,0.141,46,92,24%,34%,42%,0.80,49%,32%,20%,14%,55%,31%
Jorge Soler,ATL,2024,32,142,574,119,63,34,1,21,64,68,141,9,1,0,12%,25%,0.48,0.241,0.340,0.338,0.442,0.780,0.201,81,119,16%,38%,46%,0.82,44%,33%,23%,15%,47%,37%
José Abreu,HOU,2024,37,35,120,14,10,2,0,2,7,4,28,4,0,0,3%,23%,0.14,0.124,0.164,0.167,0.195,0.361,0.071,0,0,14%,53%,33%,1.64,27%,45%,28%,15%,62%,23%
Jose Altuve,HOU,2024,34,153,682,185,134,31,0,20,65,47,119,15,22,7,7%,17%,0.39,0.295,0.344,0.350,0.439,0.790,0.145,98,127,25%,42%,33%,1.25,56%,30%,14%,16%,55%,28%
José Caballero,TBR,2024,27,139,483,100,66,24,1,9,44,27,133,6,44,16,6%,28%,0.20,0.227,0.277,0.283,0.347,0.630,0.120,44,83,23%,40%,37%,1.08,54%,32%,14%,21%,53%,27%
Jose Herrera,ARI,2024,27,42,114,22,16,4,1,1,13,9,27,1,0,0,8%,24%,0.33,0.227,0.271,0.290,0.320,0.609,0.093,10,70,24%,47%,29%,1.65,54%,28%,18%,19%,59%,22%
Jose Iglesias,NYM,2024,34,85,291,91,70,16,1,4,26,12,39,4,6,2,4%,13%,0.31,0.337,0.362,0.381,0.448,0.830,0.111,46,137,24%,49%,28%,1.77,31%,38%,31%,18%,56%,25%
Jose Miranda,MIN,2024,26,121,429,114,73,28,4,9,49,18,66,13,2,2,4%,15%,0.27,0.284,0.328,0.322,0.441,0.763,0.157,56,115,19%,38%,42%,0.90,42%,38%,19%,19%,53%,28%
José Ramírez,CLE,2024,31,158,682,173,93,39,2,39,118,54,82,9,41,7,8%,12%,0.66,0.279,0.364,0.335,0.537,0.872,0.258,109,141,17%,34%,49%,0.70,53%,28%,19%,16%,49%,35%
Jose Siri,TBR,2024,28,130,448,75,40,16,1,18,47,31,170,5,14,7,7%,38%,0.18,0.187,0.271,0.255,0.366,0.620,0.179,38,78,17%,40%,43%,0.92,39%,35%,26%,14%,51%,35%
José Tena,WSN,2024,23,44,168,43,35,5,0,3,15,7,41,1,6,1,4%,24%,0.17,0.267,0.286,0.298,0.354,0.652,0.087,16,83,21%,49%,30%,1.63,28%,36%,37%,15%,50%,35%
Jose Trevino,NYY,2024,31,74,234,45,32,5,0,8,28,20,41,12,1,0,9%,18%,0.49,0.215,0.284,0.288,0.354,0.642,0.139,22,83,16%,45%,38%,1.18,39%,37%,23%,16%,61%,23%
Josh Bell,ARI,2024,31,145,603,134,90,23,2,19,71,51,120,22,0,1,8%,20%,0.43,0.249,0.317,0.319,0.405,0.725,0.156,74,101,17%,50%,33%,1.50,42%,32%,26%,15%,52%,32%
Josh Jung,TEX,2024,26,46,188,47,34,5,1,7,16,8,48,1,4,0,4%,26%,0.17,0.264,0.311,0.298,0.421,0.719,0.157,22,102,21%,44%,35%,1.24,34%,37%,29%,15%,52%,33%
Josh Lowe,TBR,2024,26,106,387,85,54,19,2,10,34,32,123,2,25,1,8%,32%,0.26,0.241,0.299,0.302,0.391,0.693,0.150,42,98,22%,36%,42%,0.87,35%,33%,32%,15%,52%,33%
Josh Naylor,CLE,2024,27,152,633,137,79,27,0,31,108,58,105,17,6,2,9%,17%,0.55,0.243,0.332,0.320,0.456,0.776,0.213,85,118,17%,47%,36%,1.29,42%,37%,21%,16%,53%,31%
Josh Rojas,SEA,2024,30,143,476,95,66,19,2,8,31,46,108,6,10,4,10%,23%,0.43,0.225,0.286,0.304,0.336,0.641,0.111,46,91,18%,39%,42%,0.93,37%,40%,23%,14%,56%,30%
Josh Smith,TEX,2024,26,149,592,135,91,30,1,13,62,46,121,6,11,2,8%,20%,0.38,0.258,0.323,0.337,0.394,0.731,0.136,75,111,24%,39%,38%,1.03,44%,36%,20%,16%,57%,27%
Juan Soto,NYY,2024,25,157,713,166,90,31,4,41,109,129,119,10,7,4,18%,17%,1.08,0.288,0.421,0.419,0.569,0.989,0.281,147,180,20%,44%,36%,1.21,45%,35%,20%,13%,44%,43%
Juan Yepez,WSN,2024,26,62,249,64,43,15,0,6,26,18,42,9,2,1,7%,17%,0.43,0.283,0.331,0.335,0.429,0.764,0.146,33,113,19%,51%,29%,1.75,44%,31%,25%,18%,55%,27%
Julio Rodríguez,SEA,2024,23,143,613,155,118,17,0,20,68,38,156,10,24,5,6%,25%,0.24,0.273,0.321,0.325,0.409,0.734,0.136,77,116,21%,44%,35%,1.26,36%,37%,28%,14%,49%,37%
Jung Hoo Lee,SFG,2024,25,37,158,38,32,4,0,2,8,10,13,2,2,3,6%,8%,0.77,0.262,0.284,0.310,0.331,0.641,0.069,15,83,19%,47%,34%,1.37,35%,37%,28%,16%,54%,30%
Junior Caminero,TBR,2024,20,43,177,41,25,9,1,6,18,11,38,2,2,0,6%,21%,0.29,0.248,0.309,0.299,0.424,0.724,0.176,21,105,13%,48%,39%,1.24,37%,39%,24%,22%,49%,29%
Jurickson Profar,SDP,2024,31,158,668,158,105,29,0,24,85,76,101,14,10,3,11%,15%,0.75,0.280,0.365,0.380,0.459,0.839,0.179,108,139,20%,42%,38%,1.11,40%,36%,24%,15%,53%,32%
Justin Turner,TOR,2024,39,139,539,119,84,24,0,11,55,59,95,16,0,2,11%,18%,0.62,0.259,0.327,0.354,0.383,0.737,0.124,70,117,26%,33%,42%,0.78,41%,34%,25%,15%,56%,29%
Justyn-Henry Malloy,DET,2024,24,71,230,41,25,7,1,8,21,23,85,2,1,1,10%,37%,0.27,0.203,0.291,0.291,0.366,0.658,0.163,23,89,18%,36%,45%,0.80,46%,29%,25%,13%,55%,33%
Ke'Bryan Hayes,PIT,2024,27,96,396,85,72,9,0,4,25,23,75,12,11,2,6%,19%,0.31,0.233,0.256,0.283,0.290,0.573,0.058,29,59,19%,53%,28%,1.87,29%,40%,31%,22%,54%,24%
Keibert Ruiz,WSN,2024,25,127,485,105,71,21,0,13,57,16,54,13,3,1,3%,11%,0.30,0.229,0.268,0.260,0.359,0.619,0.131,40,71,19%,35%,46%,0.76,51%,34%,15%,20%,56%,25%
Kerry Carpenter,DET,2024,26,87,296,75,36,16,5,18,57,22,75,5,0,2,7%,25%,0.29,0.284,0.390,0.345,0.587,0.932,0.303,54,160,18%,38%,45%,0.84,43%,33%,24%,12%,55%,33%
Ketel Marte,ARI,2024,30,136,583,147,86,23,2,36,95,65,106,9,7,1,11%,18%,0.61,0.292,0.391,0.372,0.560,0.932,0.268,106,151,17%,48%,35%,1.39,52%,31%,17%,11%,46%,43%
Kevin Kiermaier,LAD,2024,34,116,281,51,34,9,3,5,26,12,86,4,6,2,4%,31%,0.14,0.197,0.241,0.237,0.313,0.550,0.116,17,54,15%,54%,30%,1.79,40%,34%,25%,15%,60%,25%
Kevin Newman,ARI,2024,30,111,311,80,59,17,1,3,28,15,48,7,8,1,5%,15%,0.31,0.278,0.298,0.311,0.375,0.686,0.097,33,89,22%,48%,30%,1.61,36%,35%,29%,16%,63%,21%
Kevin Pillar,LAA,2024,35,100,314,65,40,16,1,8,45,16,69,10,12,3,5%,22%,0.23,0.229,0.293,0.291,0.377,0.667,0.148,32,88,19%,35%,46%,0.77,47%,32%,21%,22%,48%,30%
Kody Clemens,PHI,2024,28,44,120,25,10,9,1,5,18,5,29,2,0,0,4%,24%,0.17,0.219,0.301,0.258,0.447,0.706,0.228,13,92,15%,36%,48%,0.76,44%,35%,21%,20%,47%,33%
Korey Lee,CHW,2024,25,125,394,79,52,14,1,12,37,17,122,12,6,3,4%,31%,0.14,0.210,0.257,0.244,0.347,0.591,0.138,29,64,16%,48%,36%,1.34,40%,34%,26%,15%,53%,32%
Kris Bryant,COL,2024,32,37,155,29,22,5,0,2,15,13,48,6,0,0,8%,31%,0.27,0.218,0.287,0.323,0.301,0.623,0.083,15,70,24%,37%,38%,0.97,50%,31%,19%,20%,52%,28%
Kyle Farmer,MIN,2024,33,107,242,46,27,13,1,5,25,19,49,6,3,5,8%,20%,0.39,0.214,0.285,0.293,0.353,0.647,0.140,23,85,18%,36%,45%,0.80,40%,37%,23%,14%,56%,30%
Kyle Higashioka,SDP,2024,34,84,263,54,26,10,1,17,45,15,74,3,2,0,6%,28%,0.20,0.220,0.314,0.263,0.476,0.739,0.256,32,105,19%,28%,53%,0.53,52%,30%,18%,16%,44%,40%
Kyle Isbel,KCR,2024,27,136,426,88,59,13,8,8,42,27,88,4,11,2,6%,21%,0.31,0.229,0.286,0.287,0.367,0.654,0.138,42,81,17%,50%,33%,1.50,40%,33%,27%,18%,55%,27%
Kyle Manzardo,CLE,2024,23,53,156,34,17,12,0,5,15,9,41,3,0,0,6%,26%,0.22,0.234,0.303,0.282,0.421,0.703,0.186,17,98,17%,30%,53%,0.55,38%,34%,28%,13%,52%,34%
Kyle McCann,OAK,2024,26,54,157,33,24,4,0,5,15,16,59,2,0,0,10%,38%,0.27,0.236,0.304,0.318,0.371,0.690,0.136,18,102,19%,46%,36%,1.28,40%,37%,23%,16%,52%,32%
Kyle Schwarber,PHI,2024,31,150,692,142,82,22,0,38,104,106,197,6,5,3,15%,28%,0.54,0.248,0.366,0.366,0.485,0.851,0.237,112,135,18%,42%,40%,1.04,51%,33%,16%,16%,40%,44%
Kyle Stowers,MIA,2024,26,69,209,40,24,11,2,3,24,13,74,2,0,1,6%,35%,0.18,0.208,0.265,0.268,0.333,0.601,0.125,17,67,18%,50%,33%,1.51,39%,43%,18%,13%,50%,37%
Kyle Tucker,HOU,2024,27,78,339,80,44,13,0,23,49,56,54,5,11,0,17%,16%,1.04,0.289,0.419,0.408,0.585,0.993,0.296,69,180,20%,28%,52%,0.53,42%,25%,32%,12%,53%,35%
LaMonte Wade Jr.,SFG,2024,30,117,401,86,62,16,0,8,34,62,90,2,2,1,15%,22%,0.69,0.260,0.337,0.380,0.381,0.761,0.121,56,119,22%,40%,38%,1.04,44%,32%,24%,11%,55%,34%
Lane Thomas,CLE,2024,28,130,528,112,68,26,3,15,63,44,137,5,32,14,8%,26%,0.32,0.237,0.309,0.309,0.400,0.709,0.163,61,99,21%,39%,41%,0.95,43%,33%,24%,21%,46%,34%
Lars Nootbaar,STL,2024,26,109,405,85,52,18,3,12,45,52,79,10,7,3,13%,20%,0.66,0.244,0.331,0.342,0.417,0.758,0.172,54,114,18%,52%,30%,1.71,38%,40%,22%,16%,45%,39%
Lawrence Butler,OAK,2024,23,125,451,108,60,24,2,22,57,35,108,8,18,0,8%,24%,0.32,0.262,0.345,0.317,0.490,0.807,0.228,65,130,19%,44%,38%,1.16,32%,40%,28%,13%,50%,37%
Lenyn Sosa,CHW,2024,24,100,369,89,68,13,0,8,35,12,77,5,3,1,3%,21%,0.16,0.254,0.280,0.283,0.359,0.642,0.105,34,80,24%,40%,36%,1.09,34%,36%,30%,19%,53%,28%
Leo Jiménez,TOR,2024,23,63,210,41,26,11,0,4,19,12,59,6,0,0,6%,28%,0.20,0.229,0.308,0.329,0.358,0.686,0.128,24,102,21%,41%,37%,1.11,37%,34%,28%,16%,51%,33%
Leody Taveras,TEX,2024,25,151,529,110,78,17,3,12,44,42,112,8,23,6,8%,21%,0.38,0.229,0.282,0.289,0.352,0.641,0.123,50,82,19%,40%,41%,0.97,30%,37%,32%,18%,54%,29%
Logan O'Hoppe,LAA,2024,24,136,522,117,79,17,1,20,56,33,155,7,2,3,6%,30%,0.21,0.244,0.311,0.303,0.409,0.712,0.165,61,101,24%,38%,38%,1.00,44%,33%,22%,13%,48%,39%
Lourdes Gurriel Jr.,ARI,2024,30,133,553,143,101,22,2,18,75,29,101,16,7,1,5%,18%,0.29,0.279,0.327,0.322,0.435,0.757,0.156,72,108,21%,38%,41%,0.92,42%,31%,28%,18%,50%,32%
Luis Arraez,SDP,2024,27,150,672,200,161,32,3,4,46,24,29,18,9,3,4%,4%,0.83,0.314,0.323,0.346,0.392,0.739,0.078,85,109,26%,41%,32%,1.29,33%,37%,30%,15%,62%,23%
Luis Campusano,SDP,2024,25,91,299,63,42,13,0,8,40,20,41,11,0,0,7%,14%,0.49,0.227,0.282,0.281,0.361,0.642,0.134,28,83,19%,46%,35%,1.30,41%,40%,19%,19%,55%,27%
Luis García Jr.,WSN,2024,24,140,528,141,97,25,1,18,70,27,86,12,22,5,5%,16%,0.31,0.282,0.328,0.318,0.444,0.762,0.162,69,111,20%,47%,33%,1.46,30%,42%,27%,15%,53%,32%
Luis Guillorme,ARI,2024,29,79,187,33,23,9,1,0,10,23,36,7,4,2,12%,19%,0.64,0.205,0.263,0.301,0.273,0.574,0.068,15,67,22%,53%,25%,2.09,26%,40%,34%,16%,65%,19%
Luis Matos,SFG,2024,22,45,156,32,22,5,0,5,25,5,24,5,0,0,3%,15%,0.21,0.213,0.250,0.237,0.347,0.584,0.133,11,60,17%,39%,45%,0.86,51%,33%,16%,22%,50%,28%
Luis Rengifo,LAA,2024,27,78,304,85,65,13,1,6,30,16,44,6,24,7,5%,14%,0.36,0.300,0.335,0.347,0.417,0.763,0.117,42,117,21%,55%,25%,2.22,40%,38%,23%,15%,55%,30%
Luis Robert Jr.,CHW,2024,26,100,425,88,55,19,0,14,35,28,141,8,23,6,7%,33%,0.20,0.224,0.285,0.278,0.379,0.657,0.155,41,84,20%,39%,41%,0.94,34%,39%,27%,15%,55%,30%
Luis Torrens,NYM,2024,28,48,130,27,16,8,0,3,15,9,28,5,0,1,7%,22%,0.32,0.229,0.292,0.292,0.373,0.665,0.144,13,90,26%,43%,31%,1.39,37%,37%,25%,12%,48%,40%
Luis Urías,SEA,2024,27,41,109,18,7,7,0,4,16,9,34,2,0,0,8%,31%,0.26,0.191,0.309,0.303,0.394,0.696,0.202,13,107,20%,32%,48%,0.66,50%,37%,13%,23%,50%,27%
Luke Maile,CIN,2024,33,55,154,24,18,4,0,2,8,13,52,4,2,0,8%,34%,0.25,0.178,0.241,0.268,0.252,0.520,0.074,9,45,25%,42%,33%,1.30,44%,39%,18%,12%,68%,20%
Luke Raley,SEA,2024,29,137,455,98,55,19,2,22,58,27,135,2,11,2,6%,30%,0.20,0.243,0.339,0.320,0.463,0.783,0.220,64,129,19%,44%,37%,1.19,44%,33%,23%,17%,51%,32%
Maikel Garcia,KCR,2024,24,157,626,133,94,27,5,7,58,42,103,7,37,2,7%,16%,0.41,0.231,0.270,0.281,0.332,0.614,0.101,53,69,20%,49%,31%,1.61,33%,39%,28%,12%,58%,30%
Manny Machado,SDP,2024,31,152,643,163,104,30,0,29,105,45,124,25,11,2,7%,19%,0.36,0.275,0.340,0.325,0.472,0.797,0.197,90,122,18%,44%,38%,1.15,37%,41%,22%,13%,49%,37%
Manuel Margot,MIN,2024,29,129,343,75,53,17,1,4,31,21,54,10,5,0,6%,16%,0.39,0.238,0.276,0.289,0.337,0.626,0.098,31,79,18%,41%,41%,1.01,32%,43%,25%,18%,54%,28%
Marcell Ozuna,ATL,2024,33,162,688,183,113,31,0,39,104,74,170,23,1,0,11%,25%,0.44,0.302,0.395,0.378,0.546,0.925,0.244,127,154,24%,38%,38%,0.99,48%,33%,20%,14%,46%,40%
Marcus Semien,TEX,2024,33,159,718,154,102,27,2,23,74,64,105,9,8,3,9%,15%,0.61,0.237,0.306,0.308,0.391,0.699,0.154,82,99,18%,40%,42%,0.93,50%,29%,20%,17%,51%,33%
Mark Canha,SFG,2024,35,125,462,95,68,20,0,7,42,51,96,10,7,0,11%,21%,0.53,0.242,0.310,0.344,0.346,0.690,0.104,54,102,17%,49%,34%,1.46,48%,32%,21%,14%,59%,27%
Mark Vientos,NYM,2024,24,111,454,110,61,22,0,27,71,33,135,6,0,0,7%,30%,0.24,0.266,0.356,0.322,0.516,0.837,0.249,70,133,20%,44%,36%,1.23,42%,38%,20%,18%,46%,36%
Martín Maldonado,CHW,2024,37,48,147,16,9,3,0,4,11,8,51,5,0,0,5%,35%,0.16,0.119,0.181,0.174,0.230,0.403,0.111,2,11,13%,37%,50%,0.74,47%,38%,15%,20%,48%,32%
Masataka Yoshida,BOS,2024,30,108,421,106,75,21,0,10,56,27,52,6,2,0,6%,12%,0.52,0.280,0.336,0.349,0.415,0.765,0.135,58,115,22%,43%,36%,1.20,36%,39%,25%,17%,51%,32%
Masyn Winn,STL,2024,22,150,637,157,105,32,5,15,57,41,109,1,11,5,6%,17%,0.38,0.267,0.315,0.314,0.416,0.730,0.148,77,103,22%,41%,37%,1.08,35%,36%,28%,19%,54%,26%
Matt Carpenter,STL,2024,38,59,157,32,21,7,0,4,15,15,51,0,0,2,10%,32%,0.29,0.234,0.303,0.314,0.372,0.686,0.139,17,95,27%,27%,47%,0.58,40%,36%,24%,23%,49%,28%
Matt Chapman,SFG,2024,31,154,647,142,74,39,2,27,78,64,158,13,15,2,10%,24%,0.41,0.247,0.340,0.328,0.463,0.790,0.216,91,121,16%,38%,45%,0.85,39%,38%,23%,17%,46%,37%
Matt Olson,ATL,2024,30,162,685,148,81,37,1,29,98,71,170,15,0,0,10%,25%,0.42,0.247,0.339,0.333,0.457,0.790,0.210,96,117,21%,36%,43%,0.83,39%,35%,26%,15%,49%,36%
Matt Thaiss,LAA,2024,29,57,186,32,21,9,0,2,16,28,58,2,3,0,15%,31%,0.48,0.204,0.286,0.323,0.299,0.622,0.096,18,83,21%,40%,38%,1.05,37%,37%,26%,22%,55%,23%
Matt Vierling,DET,2024,27,144,567,133,84,28,5,16,57,41,121,9,6,1,7%,21%,0.34,0.257,0.317,0.312,0.423,0.735,0.166,70,108,20%,42%,38%,1.11,39%,36%,26%,17%,55%,28%
Matt Wallner,MIN,2024,26,75,261,57,26,17,1,13,37,24,95,2,3,0,9%,36%,0.25,0.259,0.385,0.372,0.523,0.894,0.264,46,155,22%,30%,48%,0.63,48%,36%,17%,21%,39%,40%
Mauricio Dubón,HOU,2024,29,137,428,108,79,25,0,4,47,16,55,6,3,2,4%,13%,0.29,0.269,0.286,0.296,0.361,0.657,0.092,42,87,21%,43%,36%,1.17,35%,34%,31%,19%,57%,24%
Max Kepler,MIN,2024,31,105,399,93,63,21,1,8,42,22,80,3,1,0,6%,20%,0.28,0.253,0.298,0.302,0.380,0.682,0.128,43,94,21%,35%,44%,0.80,43%,31%,26%,14%,56%,30%
Max Muncy,LAD,2024,33,73,293,55,23,17,0,15,48,45,77,1,1,0,15%,26%,0.58,0.232,0.362,0.358,0.494,0.852,0.262,46,135,20%,25%,54%,0.47,48%,32%,20%,16%,51%,33%
Max Schuemann,OAK,2024,27,133,459,87,66,14,0,7,34,47,119,8,14,1,10%,26%,0.39,0.220,0.281,0.311,0.308,0.619,0.088,43,85,22%,36%,42%,0.85,36%,38%,26%,12%,62%,26%
Michael A. Taylor,PIT,2024,33,113,300,52,37,9,1,5,21,23,105,3,12,1,8%,35%,0.22,0.193,0.242,0.253,0.290,0.543,0.097,19,50,22%,41%,36%,1.14,46%,39%,15%,10%,54%,35%
Michael Busch,CHC,2024,26,152,567,123,72,28,2,21,65,63,162,9,2,1,11%,29%,0.39,0.248,0.336,0.335,0.440,0.775,0.192,78,119,20%,39%,40%,0.97,43%,33%,25%,14%,55%,31%
Michael Conforto,SFG,2024,31,130,488,104,54,27,3,20,66,42,118,16,0,1,9%,24%,0.36,0.237,0.327,0.309,0.450,0.759,0.212,64,112,18%,42%,41%,1.03,42%,34%,24%,18%,46%,36%
Michael Harris II,ATL,2024,23,110,470,116,83,14,3,16,48,23,94,6,10,6,5%,20%,0.24,0.264,0.312,0.304,0.418,0.722,0.155,56,99,21%,49%,30%,1.65,42%,35%,23%,18%,46%,36%
Michael Massey,KCR,2024,26,100,356,86,53,17,2,14,45,15,56,9,1,0,4%,16%,0.27,0.259,0.317,0.294,0.449,0.743,0.190,43,102,18%,38%,43%,0.89,54%,29%,17%,12%,54%,33%
Michael Siani,STL,2024,24,124,334,68,57,7,2,2,20,21,92,2,20,3,6%,28%,0.23,0.228,0.257,0.285,0.285,0.570,0.057,25,64,17%,57%,26%,2.24,36%,32%,32%,17%,65%,18%
Michael Stefanic,LAA,2024,28,40,124,24,20,4,0,0,8,10,20,5,0,0,8%,16%,0.50,0.218,0.258,0.301,0.255,0.555,0.036,9,63,12%,58%,29%,2.00,32%,38%,30%,15%,65%,20%
Michael Toglia,COL,2024,25,116,458,87,45,14,3,25,55,54,147,7,10,1,12%,32%,0.37,0.218,0.329,0.311,0.456,0.767,0.238,61,98,22%,36%,42%,0.85,40%,39%,21%,14%,41%,45%
Mickey Moniak,LAA,2024,26,124,418,86,53,17,2,14,49,21,114,3,8,4,5%,27%,0.18,0.219,0.281,0.266,0.380,0.646,0.161,39,79,19%,36%,45%,0.79,48%,31%,21%,19%,48%,32%
Miguel Amaya,CHC,2024,25,117,363,76,53,13,2,8,47,23,62,5,0,0,6%,17%,0.37,0.232,0.283,0.288,0.357,0.644,0.125,35,83,20%,43%,36%,1.20,37%,33%,30%,16%,54%,30%
Miguel Andujar,OAK,2024,29,75,319,86,67,14,1,4,30,13,42,10,3,2,4%,13%,0.31,0.285,0.306,0.320,0.377,0.697,0.093,36,103,18%,50%,32%,1.58,40%,33%,27%,24%,55%,21%
Miguel Rojas,LAD,2024,35,103,337,87,60,21,0,6,36,23,34,8,8,2,7%,10%,0.68,0.283,0.327,0.337,0.410,0.748,0.127,44,111,23%,48%,29%,1.68,41%,32%,27%,21%,57%,22%
Miguel Vargas,CHW,2024,24,72,237,31,19,7,0,5,16,25,57,4,3,1,11%,24%,0.44,0.150,0.233,0.249,0.257,0.506,0.107,13,46,17%,32%,51%,0.64,42%,33%,25%,14%,61%,25%
Mike Tauchman,CHC,2024,33,109,350,74,54,12,1,7,29,47,70,7,6,2,13%,20%,0.67,0.248,0.325,0.357,0.366,0.723,0.117,45,111,19%,40%,41%,0.96,33%,34%,33%,19%,52%,30%
Mike Trout,LAA,2024,32,29,126,24,11,1,2,10,14,16,27,0,6,1,13%,21%,0.59,0.220,0.365,0.325,0.541,0.867,0.321,20,139,20%,24%,56%,0.43,39%,27%,34%,21%,45%,34%
Mike Yastrzemski,SFG,2024,33,140,474,99,56,16,9,18,57,38,124,5,3,2,8%,26%,0.31,0.231,0.319,0.302,0.437,0.739,0.206,59,106,18%,36%,46%,0.78,49%,31%,20%,15%,51%,34%
Miles Mastrobuoni,CHC,2024,28,50,106,19,16,3,0,0,4,7,17,1,2,0,7%,16%,0.41,0.194,0.214,0.245,0.224,0.470,0.031,4,36,21%,43%,36%,1.21,27%,45%,28%,13%,62%,24%
Mitch Garver,SEA,2024,33,114,430,63,31,17,0,15,51,53,133,9,0,0,12%,31%,0.40,0.172,0.281,0.286,0.341,0.627,0.169,40,88,15%,36%,49%,0.75,47%,37%,16%,15%,54%,31%
Mitch Haniger,SEA,2024,33,121,423,79,55,12,0,12,44,40,126,10,0,0,9%,30%,0.32,0.208,0.277,0.286,0.334,0.620,0.126,38,85,21%,42%,36%,1.16,44%,35%,21%,15%,50%,35%
MJ Melendez,KCR,2024,25,135,451,85,42,23,3,17,44,35,113,3,4,4,8%,25%,0.31,0.206,0.292,0.273,0.400,0.674,0.194,46,85,17%,42%,41%,1.02,46%,31%,22%,14%,51%,34%
Mookie Betts,LAD,2024,31,116,516,130,82,24,5,19,75,61,57,10,16,2,12%,11%,1.07,0.289,0.371,0.372,0.491,0.863,0.202,86,141,24%,27%,49%,0.55,35%,40%,25%,14%,53%,33%
Nathaniel Lowe,TEX,2024,28,140,565,129,96,16,1,16,69,71,125,9,2,0,13%,22%,0.57,0.265,0.337,0.361,0.401,0.762,0.136,78,121,23%,48%,29%,1.63,30%,39%,31%,18%,52%,30%
Nelson Velázquez,KCR,2024,25,64,230,41,24,8,1,8,27,19,61,6,2,0,8%,27%,0.31,0.200,0.280,0.274,0.366,0.640,0.166,21,76,14%,37%,48%,0.77,44%,29%,27%,18%,51%,31%
Nick Ahmed,SDP,2024,34,71,228,48,39,6,1,2,17,11,51,6,2,1,5%,22%,0.22,0.229,0.248,0.267,0.295,0.562,0.067,15,59,17%,44%,39%,1.13,40%,42%,18%,18%,63%,19%
Nick Allen,OAK,2024,25,41,105,17,12,4,0,1,4,5,20,0,0,0,5%,19%,0.25,0.175,0.207,0.216,0.247,0.463,0.072,4,33,16%,55%,28%,1.95,43%,29%,29%,20%,65%,15%
Nick Castellanos,PHI,2024,32,162,659,154,97,30,4,23,86,41,139,14,6,2,6%,21%,0.29,0.254,0.321,0.311,0.431,0.742,0.177,83,105,24%,38%,39%,0.97,39%,37%,24%,13%,54%,33%
Nick Fortes,MIA,2024,27,110,335,70,50,16,0,4,29,11,41,6,0,1,3%,12%,0.27,0.227,0.252,0.259,0.318,0.577,0.091,24,57,17%,43%,40%,1.07,45%,32%,23%,24%,54%,22%
Nick Gonzales,PIT,2024,25,94,387,97,68,19,3,7,49,18,74,8,5,3,5%,19%,0.24,0.270,0.307,0.311,0.398,0.709,0.128,44,94,23%,42%,35%,1.21,43%,32%,24%,13%,56%,31%
Nick Gordon,MIA,2024,28,95,275,59,39,11,1,8,32,11,67,5,5,5,4%,24%,0.16,0.227,0.271,0.258,0.369,0.627,0.142,23,69,21%,51%,29%,1.77,41%,39%,20%,17%,58%,25%
Nick Loftin,KCR,2024,25,57,171,28,23,4,0,1,14,19,24,4,1,0,11%,14%,0.79,0.189,0.242,0.282,0.236,0.519,0.047,11,50,17%,47%,37%,1.28,41%,36%,23%,26%,57%,17%
Nick Martini,CIN,2024,34,52,163,31,20,4,2,5,24,9,38,1,1,3,6%,23%,0.24,0.212,0.279,0.272,0.370,0.641,0.158,15,71,18%,41%,41%,0.98,47%,30%,23%,21%,57%,23%
Nick Senzel,CHW,2024,29,74,267,46,28,11,0,7,18,28,61,6,1,3,10%,23%,0.46,0.195,0.273,0.283,0.331,0.614,0.136,23,73,19%,41%,40%,1.04,35%,42%,23%,20%,51%,29%
Nicky Lopez,CHW,2024,29,124,445,96,80,12,3,1,21,37,67,3,5,7,8%,15%,0.55,0.241,0.275,0.312,0.294,0.606,0.053,40,77,18%,56%,26%,2.14,30%,39%,31%,14%,68%,18%
Nico Hoerner,CHC,2024,27,151,641,159,116,35,1,7,48,44,66,8,31,6,7%,10%,0.67,0.273,0.313,0.335,0.373,0.708,0.100,76,103,24%,44%,32%,1.40,34%,37%,29%,20%,60%,20%
Niko Kavadas,LAA,2024,25,30,106,17,11,2,0,4,8,11,41,0,1,0,10%,39%,0.27,0.183,0.278,0.283,0.333,0.616,0.151,10,77,25%,17%,58%,0.30,38%,29%,33%,13%,48%,38%
Noelvi Marte,CIN,2024,22,66,242,48,35,9,0,4,18,9,75,1,9,3,4%,31%,0.12,0.210,0.243,0.248,0.301,0.549,0.092,15,46,20%,45%,35%,1.30,41%,34%,25%,19%,51%,30%
Nolan Arenado,STL,2024,33,152,635,157,118,23,0,16,71,44,92,15,2,2,7%,14%,0.48,0.272,0.314,0.325,0.394,0.719,0.123,76,102,21%,40%,39%,1.01,46%,35%,18%,19%,54%,27%
Nolan Gorman,STL,2024,24,107,402,74,40,15,0,19,50,34,151,2,6,1,8%,38%,0.23,0.203,0.290,0.271,0.400,0.671,0.197,41,87,19%,32%,49%,0.66,42%,42%,17%,18%,50%,32%
Nolan Jones,COL,2024,26,79,297,58,41,13,1,3,28,36,91,7,5,4,12%,31%,0.40,0.227,0.287,0.321,0.320,0.641,0.094,29,70,20%,52%,27%,1.91,27%,43%,30%,14%,53%,33%
Nolan Schanuel,LAA,2024,22,147,607,130,98,19,0,13,54,68,103,14,10,1,11%,17%,0.66,0.250,0.315,0.343,0.362,0.706,0.112,74,104,23%,46%,31%,1.50,40%,38%,22%,14%,62%,25%
Oliver Dunn,MIL,2024,26,41,104,21,16,2,2,1,7,6,40,1,3,0,6%,38%,0.15,0.221,0.266,0.282,0.316,0.597,0.095,8,68,24%,48%,28%,1.73,48%,34%,18%,14%,52%,34%
Oneil Cruz,PIT,2024,25,146,599,140,82,34,3,21,76,51,181,8,22,1,9%,30%,0.28,0.259,0.331,0.324,0.449,0.773,0.190,80,110,18%,48%,34%,1.41,42%,33%,25%,12%,47%,41%
Orlando Arcia,ATL,2024,29,157,602,120,79,24,0,17,46,41,128,16,2,0,7%,21%,0.32,0.218,0.273,0.271,0.354,0.625,0.136,52,72,15%,49%,36%,1.37,50%,31%,19%,19%,49%,31%
Oswaldo Cabrera,NYY,2024,25,109,326,74,55,11,0,8,36,21,63,6,4,2,6%,19%,0.33,0.247,0.290,0.296,0.365,0.661,0.117,33,88,20%,43%,37%,1.17,39%,39%,23%,18%,55%,27%
Otto Lopez,MIA,2024,25,117,434,109,79,23,1,6,39,25,75,13,20,4,6%,17%,0.33,0.270,0.302,0.313,0.377,0.690,0.107,48,91,21%,54%,25%,2.11,36%,39%,25%,17%,52%,31%
Ozzie Albies,ATL,2024,27,99,435,100,60,29,1,10,53,27,65,6,8,1,6%,15%,0.42,0.251,0.307,0.303,0.404,0.707,0.153,50,95,18%,38%,43%,0.88,49%,33%,18%,14%,57%,29%
Parker Meadows,DET,2024,24,82,298,66,39,12,6,9,28,25,76,0,9,4,8%,26%,0.33,0.244,0.321,0.310,0.433,0.743,0.189,37,111,20%,32%,48%,0.68,39%,38%,23%,20%,51%,29%
Patrick Bailey,SFG,2024,25,121,448,94,69,16,1,8,46,39,100,10,4,0,9%,22%,0.39,0.234,0.281,0.298,0.339,0.637,0.105,42,81,26%,39%,35%,1.13,38%,38%,24%,10%,60%,30%
Patrick Wisdom,CHC,2024,32,75,174,27,10,7,2,8,23,10,59,1,5,0,6%,34%,0.17,0.171,0.271,0.237,0.392,0.629,0.222,15,75,9%,25%,66%,0.38,36%,32%,33%,24%,48%,29%
Paul DeJong,KCR,2024,30,139,482,101,60,17,0,24,56,23,156,9,2,2,5%,32%,0.15,0.227,0.302,0.276,0.427,0.703,0.200,53,95,23%,32%,46%,0.69,45%,31%,24%,19%,48%,33%
Paul Goldschmidt,STL,2024,36,154,654,147,91,33,1,22,65,47,173,20,11,0,7%,26%,0.27,0.245,0.310,0.302,0.414,0.716,0.169,76,100,21%,43%,36%,1.20,41%,33%,26%,11%,49%,40%
Pavin Smith,ARI,2024,28,60,158,37,17,11,0,9,36,18,31,4,1,0,11%,20%,0.58,0.270,0.377,0.348,0.547,0.896,0.277,27,142,19%,43%,38%,1.15,45%,38%,17%,13%,49%,39%
Pedro Pagés,STL,2024,25,68,218,48,36,3,2,7,27,13,58,7,2,0,6%,27%,0.22,0.238,0.286,0.281,0.376,0.657,0.139,21,83,19%,43%,38%,1.15,35%,39%,25%,14%,55%,31%
Pete Alonso,NYM,2024,29,162,695,146,81,31,0,34,88,70,172,14,3,0,10%,25%,0.41,0.240,0.340,0.329,0.459,0.788,0.219,98,122,16%,42%,42%,1.00,43%,30%,27%,16%,49%,35%
Pete Crow-Armstrong,CHC,2024,22,123,410,88,59,13,6,10,47,21,98,4,27,3,5%,24%,0.21,0.237,0.289,0.286,0.384,0.670,0.148,41,87,20%,38%,43%,0.88,44%,33%,24%,14%,61%,25%
Rafael Devers,BOS,2024,27,138,601,143,76,34,5,28,83,67,147,13,3,0,11%,24%,0.46,0.272,0.364,0.354,0.516,0.871,0.244,96,134,22%,41%,37%,1.11,34%,41%,25%,16%,43%,41%
Ramón Laureano,ATL,2024,29,98,309,74,46,16,1,11,33,15,96,5,8,3,5%,31%,0.16,0.259,0.324,0.311,0.437,0.748,0.178,40,108,24%,39%,37%,1.04,43%,31%,25%,12%,57%,31%
Ramón Urías,BAL,2024,30,100,301,69,47,9,2,11,37,23,55,0,1,1,8%,18%,0.42,0.254,0.325,0.322,0.423,0.745,0.169,39,115,17%,44%,39%,1.13,37%,38%,26%,17%,54%,29%
Randal Grichuk,ARI,2024,32,106,279,74,40,20,2,12,46,20,46,5,0,0,7%,16%,0.43,0.291,0.373,0.348,0.528,0.875,0.236,47,139,18%,37%,45%,0.81,45%,37%,18%,16%,45%,40%
Randy Arozarena,SEA,2024,29,154,648,120,67,33,0,20,60,73,169,7,20,10,11%,26%,0.43,0.219,0.320,0.332,0.388,0.720,0.169,81,114,14%,45%,41%,1.09,47%,33%,20%,17%,49%,34%
Reese McGuire,BOS,2024,29,53,158,29,23,3,0,3,18,13,39,4,3,0,8%,25%,0.33,0.209,0.259,0.280,0.295,0.575,0.086,12,60,18%,43%,39%,1.10,38%,37%,25%,25%,50%,25%
Rhys Hoskins,MIL,2024,31,131,517,96,56,14,0,26,82,53,149,11,3,0,10%,29%,0.36,0.214,0.313,0.303,0.419,0.722,0.205,62,100,18%,34%,48%,0.70,55%,27%,18%,17%,46%,37%
Richie Palacios,TBR,2024,27,92,316,59,45,8,1,5,21,45,67,5,19,1,14%,21%,0.67,0.223,0.303,0.346,0.318,0.664,0.095,35,101,27%,38%,35%,1.07,46%,36%,17%,22%,58%,21%
Riley Adams,WSN,2024,28,41,130,26,18,5,1,2,8,10,35,4,1,0,8%,27%,0.29,0.224,0.275,0.292,0.336,0.629,0.112,12,75,18%,49%,33%,1.52,37%,37%,25%,17%,60%,23%
Riley Greene,DET,2024,23,137,584,134,77,27,6,24,74,64,156,2,4,2,11%,27%,0.41,0.262,0.355,0.348,0.479,0.827,0.217,90,135,22%,44%,35%,1.26,40%,36%,24%,9%,58%,34%
Rob Refsnyder,BOS,2024,33,93,307,77,49,16,1,11,40,28,78,6,2,2,9%,25%,0.36,0.283,0.358,0.359,0.471,0.830,0.188,48,130,22%,46%,33%,1.39,37%,37%,25%,20%,50%,30%
Robbie Grossman,KCR,2024,34,87,245,44,33,8,0,3,16,34,58,8,3,0,14%,24%,0.59,0.212,0.283,0.322,0.293,0.616,0.082,23,82,24%,43%,33%,1.32,48%,31%,21%,12%,62%,26%
Romy Gonzalez,BOS,2024,27,89,216,53,36,10,1,6,29,12,58,5,11,3,6%,27%,0.21,0.266,0.311,0.306,0.417,0.723,0.151,25,97,18%,56%,27%,2.08,32%,41%,27%,15%,42%,43%
Ronald Acuña Jr.,ATL,2024,26,49,222,48,35,8,1,4,15,27,53,4,16,3,12%,24%,0.51,0.250,0.322,0.351,0.365,0.716,0.115,28,105,22%,51%,27%,1.87,46%,33%,21%,12%,51%,37%
Rowdy Tellez,PIT,2024,29,132,421,93,62,18,0,13,56,31,89,12,1,0,7%,21%,0.35,0.243,0.301,0.299,0.392,0.691,0.149,46,90,19%,37%,43%,0.87,40%,32%,28%,19%,51%,30%
Royce Lewis,MIN,2024,25,82,325,68,36,16,0,16,47,28,74,5,0,0,9%,23%,0.38,0.233,0.317,0.295,0.452,0.747,0.219,40,108,18%,36%,46%,0.78,48%,34%,18%,20%,45%,35%
Ryan Jeffers,MIN,2024,27,122,465,93,50,22,0,21,64,32,94,9,3,0,7%,20%,0.34,0.226,0.317,0.300,0.432,0.732,0.206,57,107,17%,39%,43%,0.91,38%,39%,22%,23%,45%,32%
Ryan McMahon,COL,2024,29,153,645,137,89,28,0,20,65,69,185,9,4,6,11%,29%,0.37,0.242,0.315,0.325,0.397,0.722,0.155,78,89,20%,49%,32%,1.55,36%,34%,30%,11%,51%,39%
Ryan Mountcastle,BAL,2024,27,124,507,128,83,30,2,13,63,27,114,13,3,0,5%,22%,0.24,0.271,0.316,0.308,0.425,0.733,0.154,61,108,22%,44%,34%,1.31,28%,39%,33%,14%,53%,33%
Ryan Noda,OAK,2024,28,36,111,13,8,4,0,1,4,14,37,0,0,0,13%,33%,0.38,0.137,0.223,0.255,0.211,0.465,0.074,5,44,19%,44%,37%,1.19,54%,25%,20%,20%,53%,27%
Ryan O'Hearn,BAL,2024,30,142,494,117,78,21,3,15,59,46,69,7,3,1,9%,14%,0.67,0.264,0.330,0.334,0.427,0.761,0.163,66,119,19%,41%,40%,1.01,39%,34%,27%,16%,50%,34%
Sal Frelick,MIL,2024,24,145,524,123,95,22,4,2,32,39,78,8,18,3,7%,15%,0.50,0.259,0.292,0.320,0.335,0.655,0.076,54,86,19%,48%,34%,1.42,31%,42%,27%,24%,58%,18%
Salvador Perez,KCR,2024,34,158,652,160,105,28,0,27,104,44,129,17,0,0,7%,20%,0.34,0.271,0.335,0.330,0.456,0.786,0.185,89,115,22%,33%,45%,0.75,49%,29%,22%,14%,50%,36%
Sam Hilliard,COL,2024,30,58,158,33,17,5,1,10,27,14,56,3,5,2,9%,35%,0.25,0.239,0.342,0.305,0.507,0.812,0.268,23,107,18%,39%,43%,0.89,36%,40%,24%,10%,49%,41%
Santiago Espinal,CIN,2024,29,118,391,88,67,12,0,9,45,24,54,7,11,1,6%,14%,0.44,0.246,0.285,0.295,0.356,0.650,0.109,38,75,24%,39%,37%,1.05,39%,29%,32%,17%,63%,21%
Sean Bouchard,COL,2024,28,31,108,17,9,7,0,1,8,12,33,0,4,0,11%,31%,0.36,0.187,0.266,0.290,0.297,0.586,0.110,9,56,15%,48%,37%,1.32,51%,26%,23%,10%,56%,34%
Sean Murphy,ATL,2024,29,72,264,45,29,5,1,10,25,27,67,7,0,0,10%,25%,0.40,0.193,0.281,0.284,0.352,0.636,0.159,25,78,13%,54%,34%,1.61,52%,31%,17%,18%,51%,31%
Seiya Suzuki,CHC,2024,29,132,585,145,91,27,6,21,73,63,160,6,16,6,11%,27%,0.39,0.283,0.365,0.366,0.482,0.848,0.199,94,138,19%,34%,47%,0.72,34%,44%,22%,14%,47%,38%
Seth Brown,OAK,2024,31,124,400,86,60,11,1,14,44,25,112,7,4,2,6%,28%,0.22,0.231,0.289,0.283,0.379,0.662,0.148,40,91,19%,40%,42%,0.95,39%,35%,25%,18%,48%,33%
Shea Langeliers,OAK,2024,26,137,534,108,59,18,2,29,80,41,145,15,4,2,8%,27%,0.28,0.224,0.315,0.288,0.450,0.739,0.226,65,109,19%,37%,44%,0.85,47%,38%,16%,17%,46%,36%
Shohei Ohtani,LAD,2024,29,159,731,197,98,38,7,54,130,81,162,7,59,4,11%,22%,0.50,0.310,0.431,0.390,0.646,1.036,0.336,156,181,24%,36%,40%,0.89,42%,35%,23%,11%,45%,44%
Spencer Horwitz,TOR,2024,26,97,381,87,56,19,0,12,40,42,70,8,0,0,11%,18%,0.60,0.265,0.344,0.357,0.433,0.790,0.168,55,127,21%,43%,36%,1.18,38%,29%,32%,15%,54%,31%
Spencer Steer,CIN,2024,26,158,656,129,71,34,4,20,92,72,137,5,25,3,11%,21%,0.53,0.225,0.316,0.319,0.402,0.721,0.178,80,96,18%,37%,44%,0.85,44%,32%,24%,18%,49%,33%
Spencer Torkelson,DET,2024,24,92,381,75,43,21,1,10,37,33,105,6,0,0,9%,28%,0.31,0.219,0.295,0.295,0.374,0.669,0.155,40,92,15%,34%,51%,0.67,47%,30%,22%,19%,56%,24%
Starling Marte,NYM,2024,35,94,370,90,67,13,3,7,40,27,81,8,16,1,7%,22%,0.33,0.269,0.313,0.327,0.388,0.715,0.119,44,104,27%,50%,23%,2.21,42%,34%,24%,11%,63%,26%
Steven Kwan,CLE,2024,26,122,540,140,107,16,3,14,44,53,51,5,12,5,10%,9%,1.04,0.292,0.349,0.368,0.425,0.793,0.133,80,131,24%,36%,39%,0.92,32%,36%,32%,14%,61%,25%
Stuart Fairchild,CIN,2024,28,94,233,45,29,8,0,8,30,17,60,1,13,1,7%,26%,0.28,0.215,0.288,0.286,0.368,0.654,0.153,23,77,13%,37%,50%,0.75,47%,30%,22%,25%,44%,31%
Taylor Walls,TBR,2024,27,84,252,40,31,5,3,1,14,31,67,3,16,4,12%,27%,0.46,0.183,0.245,0.282,0.248,0.529,0.064,16,60,18%,36%,45%,0.80,42%,36%,22%,18%,56%,25%
Taylor Ward,LAA,2024,30,156,663,144,91,26,2,25,75,63,163,11,6,4,10%,25%,0.39,0.246,0.325,0.323,0.426,0.748,0.179,86,111,22%,33%,45%,0.72,34%,35%,31%,9%,51%,40%
Teoscar Hernández,LAD,2024,31,154,652,160,93,32,2,33,99,53,188,7,12,3,8%,29%,0.28,0.272,0.360,0.339,0.501,0.840,0.229,102,134,17%,47%,37%,1.27,36%,36%,28%,14%,50%,36%
Thairo Estrada,SFG,2024,28,96,381,79,53,15,2,9,47,10,76,8,2,2,3%,20%,0.13,0.217,0.256,0.247,0.343,0.590,0.126,28,64,19%,47%,34%,1.39,47%,32%,21%,21%,51%,28%
Tim Anderson,MIA,2024,31,65,241,50,47,3,0,0,9,7,68,6,4,4,3%,28%,0.10,0.214,0.208,0.237,0.226,0.463,0.013,8,27,22%,62%,15%,4.12,42%,30%,28%,13%,60%,27%
TJ Friedl,CIN,2024,28,85,341,67,48,5,1,13,55,26,52,1,9,1,8%,15%,0.50,0.226,0.305,0.310,0.380,0.690,0.155,38,88,18%,37%,45%,0.82,48%,30%,22%,21%,54%,25%
Tomás Nido,CHC,2024,30,49,140,25,17,4,0,4,12,5,35,1,0,0,4%,25%,0.14,0.192,0.231,0.219,0.315,0.534,0.123,7,48,17%,42%,42%,1.00,39%,31%,30%,10%,57%,33%
Tommy Edman,LAD,2024,29,37,153,33,21,5,1,6,20,11,30,2,6,0,7%,20%,0.37,0.237,0.307,0.294,0.417,0.711,0.180,18,98,17%,45%,38%,1.19,40%,33%,27%,16%,50%,33%
Tommy Pham,KCR,2024,36,116,478,109,77,20,3,9,39,35,106,5,7,3,7%,22%,0.33,0.248,0.297,0.305,0.368,0.674,0.120,51,91,22%,44%,34%,1.31,37%,34%,29%,15%,53%,32%
Travis d'Arnaud,ATL,2024,35,99,341,73,42,16,0,15,48,24,89,8,1,0,7%,26%,0.27,0.238,0.319,0.302,0.436,0.739,0.199,42,103,18%,46%,36%,1.30,38%,32%,29%,13%,55%,32%
Travis Jankowski,TEX,2024,33,104,207,38,32,5,0,1,12,12,44,3,11,1,6%,21%,0.27,0.200,0.234,0.266,0.242,0.508,0.042,11,48,12%,61%,27%,2.23,33%,34%,33%,20%,60%,21%
Trea Turner,PHI,2024,31,121,539,149,103,25,0,21,62,27,98,10,19,4,5%,18%,0.28,0.295,0.349,0.338,0.469,0.807,0.174,80,124,16%,47%,37%,1.30,46%,32%,22%,13%,53%,34%
Trent Grisham,NYY,2024,27,76,209,34,17,8,0,9,31,22,57,5,1,1,11%,27%,0.39,0.190,0.295,0.290,0.385,0.675,0.196,22,91,13%,36%,51%,0.72,50%,30%,20%,13%,57%,30%
Trevor Larnach,MIN,2024,27,112,400,92,60,17,0,15,52,40,89,12,4,1,10%,22%,0.45,0.259,0.336,0.338,0.434,0.771,0.175,55,121,19%,44%,37%,1.18,41%,35%,23%,9%,52%,38%
Trevor Story,BOS,2024,31,26,106,24,15,7,0,2,10,11,33,2,6,3,10%,31%,0.33,0.255,0.318,0.340,0.394,0.733,0.138,13,101,23%,34%,43%,0.81,36%,33%,31%,16%,62%,21%
Trey Lipscomb,WSN,2024,24,61,211,38,34,3,0,1,10,16,40,7,11,2,8%,19%,0.40,0.200,0.231,0.268,0.232,0.500,0.032,11,45,15%,62%,23%,2.76,31%,38%,31%,22%,58%,20%
Trey Sweeney,DET,2024,24,36,119,24,15,5,0,4,17,7,32,3,2,0,6%,27%,0.22,0.218,0.279,0.269,0.373,0.642,0.155,11,81,14%,46%,41%,1.13,38%,51%,11%,10%,53%,37%
Triston Casas,BOS,2024,24,63,243,51,30,8,0,13,32,30,77,6,0,1,12%,32%,0.39,0.241,0.342,0.337,0.462,0.800,0.222,35,119,19%,42%,39%,1.10,39%,39%,23%,13%,53%,34%
Ty France,CIN,2024,29,140,535,112,75,24,0,13,51,38,114,16,1,1,7%,21%,0.33,0.234,0.296,0.305,0.365,0.670,0.132,57,93,18%,46%,36%,1.26,36%,36%,28%,14%,57%,29%
Tyler Fitzgerald,SFG,2024,26,96,341,88,52,19,2,15,34,22,108,2,17,4,6%,32%,0.20,0.280,0.357,0.334,0.497,0.831,0.217,53,132,23%,33%,45%,0.73,50%,27%,23%,14%,62%,24%
Tyler Freeman,CLE,2024,25,118,383,69,47,14,1,7,32,28,53,15,11,6,7%,14%,0.53,0.209,0.283,0.305,0.321,0.626,0.112,36,84,17%,45%,38%,1.19,41%,35%,24%,18%,57%,25%
Tyler Nevin,OAK,2024,27,87,278,50,33,10,0,7,20,25,64,5,1,0,9%,23%,0.39,0.204,0.276,0.288,0.331,0.618,0.127,25,82,20%,43%,38%,1.14,32%,35%,33%,14%,62%,24%
Tyler O'Neill,BOS,2024,29,113,473,99,50,18,0,31,61,53,159,13,4,0,11%,34%,0.33,0.241,0.360,0.336,0.511,0.847,0.270,74,131,17%,36%,47%,0.76,52%,31%,17%,15%,50%,35%
Tyler Soderstrom,OAK,2024,22,61,213,44,25,10,0,9,26,20,53,7,0,0,9%,25%,0.38,0.233,0.322,0.315,0.429,0.743,0.196,27,114,13%,49%,38%,1.29,34%,42%,24%,9%,53%,38%
Tyler Stephenson,CIN,2024,27,138,515,118,72,26,1,19,66,48,117,9,1,0,9%,23%,0.41,0.258,0.339,0.338,0.444,0.782,0.186,72,112,19%,47%,34%,1.41,39%,37%,25%,14%,54%,32%
Tyler Wade,SDP,2024,29,90,156,30,27,3,0,0,8,11,29,0,8,1,7%,19%,0.38,0.217,0.242,0.285,0.239,0.524,0.022,10,56,26%,42%,33%,1.27,44%,31%,25%,18%,65%,18%
Tyrone Taylor,NYM,2024,30,130,345,79,47,22,3,7,35,19,80,4,11,2,6%,23%,0.24,0.248,0.304,0.299,0.401,0.701,0.154,39,98,22%,38%,41%,0.94,46%,32%,22%,18%,51%,31%
Vaughn Grissom,BOS,2024,23,31,114,20,17,3,0,0,6,7,24,3,2,0,6%,21%,0.29,0.190,0.213,0.246,0.219,0.465,0.029,4,28,24%,46%,29%,1.58,34%,39%,27%,18%,59%,23%
Victor Caratini,HOU,2024,30,87,274,66,49,8,1,8,30,23,53,6,0,1,8%,19%,0.43,0.269,0.324,0.336,0.408,0.744,0.139,35,113,21%,50%,30%,1.67,43%,34%,23%,8%,63%,29%
Victor Robles,SEA,2024,27,91,295,78,54,20,0,4,28,21,53,2,34,2,7%,18%,0.40,0.307,0.357,0.381,0.433,0.814,0.126,46,141,24%,41%,35%,1.15,50%,30%,20%,15%,60%,25%
Victor Scott II,STL,2024,23,53,155,26,15,9,0,2,10,6,42,0,5,1,4%,27%,0.14,0.179,0.221,0.219,0.283,0.502,0.103,7,40,16%,43%,40%,1.08,43%,36%,21%,18%,51%,30%
Vidal Bruján,MIA,2024,26,102,278,55,37,14,2,2,16,25,54,5,5,6,9%,19%,0.46,0.222,0.276,0.303,0.319,0.622,0.097,25,73,18%,51%,31%,1.67,40%,33%,27%,19%,60%,21%
Vinnie Pasquantino,KCR,2024,26,131,554,130,79,30,2,19,97,40,71,12,1,0,7%,13%,0.56,0.262,0.325,0.315,0.446,0.760,0.183,71,108,18%,39%,43%,0.92,47%,35%,18%,15%,48%,37%
Vladimir Guerrero Jr.,TOR,2024,25,159,697,199,124,44,1,30,103,72,96,16,2,2,10%,14%,0.75,0.323,0.398,0.396,0.544,0.940,0.221,131,165,19%,48%,33%,1.44,35%,40%,25%,12%,47%,41%
Wenceel Pérez,DET,2024,24,112,425,94,63,16,6,9,37,32,92,5,9,5,8%,22%,0.35,0.242,0.299,0.300,0.383,0.683,0.141,46,95,23%,35%,42%,0.83,41%,38%,20%,17%,54%,29%
Whit Merrifield,ATL,2024,35,95,335,65,49,9,3,4,15,35,52,7,17,3,10%,16%,0.67,0.222,0.283,0.311,0.314,0.625,0.092,32,80,20%,45%,35%,1.30,37%,33%,30%,21%,56%,23%
Will Benson,CIN,2024,26,128,388,64,29,19,2,14,43,40,154,3,16,7,10%,40%,0.26,0.187,0.285,0.274,0.376,0.650,0.190,38,75,19%,36%,44%,0.82,50%,32%,18%,11%,55%,34%
Will Brennan,CLE,2024,26,114,353,87,64,13,2,8,30,19,48,9,4,2,5%,14%,0.40,0.264,0.303,0.309,0.388,0.697,0.124,39,98,22%,42%,37%,1.14,39%,35%,25%,22%,53%,26%
Will Smith,LAD,2024,29,128,544,118,72,24,2,20,75,51,105,8,1,1,9%,19%,0.49,0.248,0.326,0.327,0.433,0.760,0.185,70,111,19%,33%,48%,0.69,34%,39%,28%,11%,54%,34%
Willi Castro,MIN,2024,27,158,635,138,90,31,5,12,60,51,150,8,14,9,8%,24%,0.34,0.247,0.317,0.331,0.385,0.717,0.138,78,108,22%,40%,38%,1.06,39%,35%,25%,15%,54%,31%
William Contreras,MIL,2024,26,155,679,167,105,37,2,23,92,78,139,19,9,2,11%,20%,0.56,0.281,0.359,0.365,0.466,0.831,0.185,106,131,17%,54%,29%,1.88,39%,35%,25%,13%,47%,40%
Willie Calhoun,LAA,2024,29,68,254,56,35,16,0,5,20,23,31,5,0,1,9%,12%,0.74,0.245,0.305,0.315,0.380,0.695,0.135,29,96,20%,43%,37%,1.16,39%,38%,23%,17%,54%,30%
Willson Contreras,STL,2024,32,84,358,79,47,17,0,15,36,45,96,7,4,1,13%,27%,0.47,0.262,0.370,0.380,0.468,0.848,0.206,59,140,21%,41%,37%,1.12,38%,36%,27%,17%,45%,39%
Willy Adames,MIL,2024,28,161,688,153,88,33,0,32,112,74,173,12,21,4,11%,25%,0.43,0.251,0.342,0.331,0.462,0.794,0.211,98,119,19%,31%,50%,0.63,45%,34%,21%,16%,51%,33%
Wilmer Flores,SFG,2024,32,71,242,44,28,12,0,4,26,20,33,5,0,0,8%,14%,0.61,0.206,0.262,0.277,0.318,0.595,0.112,19,68,21%,33%,46%,0.71,41%,39%,20%,25%,51%,25%
Wilyer Abreu,BOS,2024,25,132,447,101,51,33,2,15,58,40,125,7,8,3,9%,28%,0.32,0.253,0.336,0.322,0.459,0.781,0.206,61,114,19%,34%,47%,0.71,45%,31%,24%,16%,49%,34%
Wyatt Langford,TEX,2024,22,134,557,126,81,25,4,16,74,51,115,6,19,3,9%,21%,0.44,0.253,0.321,0.325,0.415,0.740,0.162,70,110,18%,40%,42%,0.97,47%,30%,23%,18%,47%,35%
Xander Bogaerts,SDP,2024,31,111,463,113,86,15,1,11,44,28,79,13,13,3,6%,17%,0.35,0.264,0.300,0.307,0.381,0.688,0.117,50,95,18%,48%,34%,1.39,41%,40%,19%,14%,59%,27%
Xavier Edwards,MIA,2024,24,70,303,87,69,12,5,1,26,33,52,0,31,4,11%,17%,0.63,0.328,0.359,0.397,0.423,0.820,0.094,47,128,23%,51%,27%,1.91,28%,39%,32%,11%,62%,27%
Yainer Diaz,HOU,2024,25,148,619,175,127,29,3,16,84,24,107,22,2,0,4%,17%,0.22,0.299,0.329,0.325,0.441,0.766,0.142,82,117,22%,51%,26%,1.95,41%,38%,21%,12%,56%,32%
Yandy Díaz,TBR,2024,32,145,621,158,112,31,1,14,65,50,95,12,0,0,8%,15%,0.53,0.281,0.331,0.341,0.414,0.755,0.133,83,120,17%,55%,28%,1.95,29%,41%,30%,16%,48%,36%
Yasmani Grandal,PIT,2024,35,72,243,49,30,10,0,9,27,24,46,7,1,0,10%,19%,0.52,0.228,0.308,0.304,0.400,0.704,0.172,28,95,18%,46%,36%,1.26,45%,36%,18%,13%,51%,36%
Yordan Alvarez,HOU,2024,27,147,635,170,99,34,2,35,86,69,95,14,6,0,11%,15%,0.73,0.308,0.402,0.392,0.567,0.959,0.259,121,168,19%,33%,48%,0.70,37%,38%,26%,12%,47%,41%
Zach McKinstry,DET,2024,29,118,325,64,41,14,5,4,23,24,69,3,16,0,7%,21%,0.35,0.215,0.270,0.277,0.337,0.614,0.121,28,75,25%,33%,42%,0.77,39%,37%,23%,12%,59%,29%
Zach Neto,LAA,2024,23,155,602,135,77,34,1,23,77,39,140,14,30,10,6%,23%,0.28,0.249,0.330,0.318,0.443,0.761,0.194,80,114,17%,44%,39%,1.14,50%,30%,20%,14%,54%,33%
Zack Gelof,OAK,2024,24,138,547,105,66,20,2,17,49,38,188,7,25,3,7%,34%,0.20,0.211,0.276,0.270,0.362,0.632,0.151,49,82,20%,42%,38%,1.12,47%,33%,21%,10%,61%,28%