Name,Team,Age,W,L,SV,G,GS,IP,K/9,BB/9,HR/9,BABIP,LOB%,GB%,HR/FB,vFA (pi),ERA,xERA,FIP,xFIP,WAR,NameASCII,PlayerId,MLBAMID
"Corbin Burnes","BAL",29,15,9,0,32,32,194.1,8.38250450755895,2.2229846207891137,1.0188679511950105,0.2693032015065913,0.75461455,0.481751824,0.116402116,,2.917667314785712,3.27,3.547268810554597,3.5460831610000634,3.73838472366333,"Corbin Burnes",19361,669203
"Yusei Kikuchi","- - -",33,9,10,0,32,32,175.2,10.554080078374009,2.254269531303186,1.2808349609677194,0.3093681917211329,0.71910112,0.425887265,0.135135135,95.57594159388647,4.047438476657994,3.75,3.456802369442478,3.1990503021500785,3.5434828996658325,"Yusei Kikuchi",20633,579328
"Nick Martinez","CIN",33,10,7,0,42,16,142.1,7.334894875694646,1.1381733427802037,0.8220140808968137,0.2751196172248804,0.71536145,0.369411764,0.073863636,92.7943915005388,3.098360766457221,3.15,3.2086343465409137,3.890930479787186,3.4652782678604126,"Nick Martinez",12730,607259
"Max Fried","ATL",30,11,10,0,29,29,174.1,8.569789924980146,2.94263870917993,0.6711281266550717,0.2823779193205945,0.72471324,0.587866108,0.117117117,94.21763107416879,3.2523901522515013,3.64,3.3328277754948985,3.326133318840467,3.3533143997192383,"Max Fried",13743,608331
"Michael Wacha","KCR",32,13,8,0,29,29,166.2,7.830000477905303,2.4300001483154388,0.9180000560302769,0.28964059196617337,0.77136515,0.385892116,0.085,93.75292179927303,3.3480002043457158,4.05,3.652479807952883,4.1408899252293105,3.3447632789611816,"Michael Wacha",14078,608379
"Jack Flaherty","- - -",28,13,7,0,28,28,162,10.777778031567657,2.1111111608225306,1.3333333647300194,0.2853470437017995,0.80892608,0.395121951,0.154838709,93.40228853798587,3.166666741233796,3.51,3.4751217608661884,2.9958705333118116,3.215585768222809,"Jack Flaherty",17479,656427
"Blake Snell","SFG",31,5,3,0,20,20,104,12.548076923076923,3.8076923076923075,0.5192307692307693,0.26576576576576577,0.70866142,0.420353982,0.065217391,96.10436625608273,3.1153846153846154,2.54,2.4260951629051797,3.013641060716831,3.065009117126465,"Blake Snell",13543,605483
"Sean Manaea","NYM",32,12,6,0,32,32,181.2,9.115596840708145,3.1211010921989844,1.0403670307329949,0.24511930585683298,0.74178935,0.37605042,0.102439024,92.2266050054407,3.4678901024433157,3.75,3.8325348614574795,4.035993900054773,2.7768120765686035,"Sean Manaea",15873,640455
"Nathan Eovaldi","TEX",34,12,8,0,29,29,170.2,8.753906771773504,2.214843882014983,1.212890697293919,0.27074235807860264,0.74481074,0.483263598,0.146496815,95.63152639314929,3.796875226311399,3.86,3.8344485681038374,3.473425029652539,2.69415283203125,"Nathan Eovaldi",9132,543135
"Andrew Heaney","TEX",33,5,14,0,32,31,160,8.943750586397984,2.306250151209543,1.2937500848248658,0.29694323144104806,0.71190211,0.335429769,0.108490566,91.81237906889358,4.27500028029086,4.49,4.04147983565927,4.176140982732315,2.2365866359323263,"Andrew Heaney",15423,571760
"Luis Severino","NYM",30,11,7,0,31,31,182,7.961538461538462,2.967032967032967,1.1373626373626373,0.2826086956521739,0.73730469,0.459615384,0.122994652,96.34099673000988,3.9065934065934065,3.88,4.210435822245839,4.121125778089185,2.102358341217041,"Luis Severino",15890,622663
"Jeff Hoffman","PHI",31,3,3,10,68,0,66.1,12.075377810329863,2.1708544378121104,0.8140704141795414,0.2781456953642384,0.80204778,0.375796178,0.09375,96.85885847107438,2.1708544378121104,2.83,2.5182385225542343,2.801181328141988,2.04223370552063,"Jeff Hoffman",17432,656546
"Nick Pivetta","BOS",31,6,12,0,27,26,145.2,10.627003030458571,2.2242564482355145,1.7299772375165114,0.27932960893854747,0.75516693,0.335064935,0.150537634,94.05257329686154,4.139588389771652,3.59,4.06579334223687,3.4976026633627244,2.027095228433609,"Nick Pivetta",15454,601713
"Trevor Williams","WSN",32,6,1,0,13,13,66.2,7.9650003038406485,2.430000092697147,0.4050000154495245,0.26666666666666666,0.80246914,0.453551912,0.042253521,89.18989839702073,2.0250000772476224,3.13,2.79147976398468,3.816768755722639,1.9799165725708008,"Trevor Williams",16977,592866
"Kirby Yates","TEX",37,7,2,33,61,0,61.2,12.405406684401918,4.086486907802985,0.4378378829788912,0.16806722689075632,0.88114754,0.454545454,0.058823529,93.3921148838141,1.16756768794371,1.81,2.5016148448774045,3.1196542932023377,1.9192548990249634,"Kirby Yates",9073,489446
"David Robertson","TEX",39,3,4,2,68,0,72,12.375001311302324,3.3750003576279064,0.6250000662273901,0.3,0.76923077,0.487804878,0.092592592,,3.0000003178914727,3.22,2.6525908349472744,2.8838193863377555,1.8739523887634277,"David Robertson",8241,502085
"Patrick Corbin","WSN",34,6,13,0,32,32,174.2,7.1622141575828815,2.7824429101401122,1.2881680139537557,0.3370165745856354,0.65652174,0.46332737,0.136612021,91.37990046121988,5.616412540838375,5.48,4.414571454031656,4.138030626887474,1.7494186162948608,"Patrick Corbin",9323,571578
"Tanner Scott","- - -",29,9,6,22,72,0,72,10.500000834465093,4.500000357627897,0.3750000298023248,0.24705882352941178,0.79691517,0.5,0.0625,97.17322716346153,1.7500001390775155,2.92,2.9164797584215782,3.3828187329641146,1.6385672092437744,"Tanner Scott",17586,656945
"Kyle Gibson","STL",36,8,8,0,30,30,169.2,8.00982366294778,3.607072907817543,1.220039365879463,0.28991596638655465,0.70717131,0.447580645,0.13372093,91.61108265027322,4.243615185667697,4.9,4.421882604049823,4.192405846893454,1.4605357646942139,"Kyle Gibson",10123,502043
"Kenley Jansen","BOS",36,4,2,27,54,0,54.2,10.207317548022273,3.2926830800071847,0.658536616001437,0.2595419847328244,0.73033708,0.305970149,0.055555555,,3.2926830800071847,3.29,3.001845624289436,4.042051866241064,1.42104971408844,"Kenley Jansen",3096,445276
"Frankie Montas","- - -",31,7,11,0,30,30,150.2,8.840708337661791,3.942478042470799,1.4336283790802904,0.2822384428223844,0.68946188,0.41588785,0.148148148,95.75308814010357,4.838495779395981,4.71,4.7063028521167745,4.261249924982076,1.3650277256965637,"Frankie Montas",14309,593423
"Chris Flexen","CHW",29,3,15,0,33,30,160,6.91875024743379,3.5437501267343805,1.350000048279764,0.3151515151515151,0.70955535,0.356031128,0.103896103,91.43145376352163,4.950000177025801,4.8,4.797729836627844,5.03069198144204,1.3469198346138,"Chris Flexen",13896,623167
"Lance Lynn","STL",37,7,4,0,23,23,117.1,8.360795816976193,3.375000146302316,1.2272727804735695,0.2869822485207101,0.6998557,0.362857142,0.111111111,92.49589554704016,3.835227438979905,4.93,4.308525282341589,4.391444693571976,1.332106351852417,"Lance Lynn",2520,458681
"Patrick Sandoval","LAA",27,2,8,0,16,16,79.2,9.150627907170504,3.9539750216168845,0.9037657192267164,0.3407079646017699,0.66189624,0.45021645,0.102564102,93.99777631222943,5.08368217065028,4.25,3.8694086710216857,4.044345777258426,1.2468241453170776,"Patrick Sandoval",19447,663776
"Clay Holmes","NYY",31,3,5,30,67,0,63,9.714287478907899,3.1428577137643203,0.5714286752298764,0.3218390804597701,0.70528967,0.649717514,0.117647058,97.45304870605469,3.1428577137643203,3.22,3.023622609482326,3.014230319070536,1.1951483488082886,"Clay Holmes",13649,605280
"Carlos Estévez","- - -",31,4,5,26,54,0,55,8.181818465556004,1.9636364317334412,0.8181818465556004,0.22916666666666666,0.75,0.32885906,0.067567567,96.92242747758964,2.4545455396668014,3.24,3.2392070535391824,4.091727484202306,1.1562808901071548,"Carlos Estevez",14542,608032
"Aroldis Chapman","PIT",36,5,5,14,68,0,61.2,14.302704177310446,5.691892478725586,0.7297298049648187,0.32231404958677684,0.69230769,0.448,0.106382978,97.87747637599469,3.7945949858170573,2.96,3.0367500351849386,3.1350915873633136,1.1082288026809692,"Aroldis Chapman",10233,547973
"Ross Stripling","OAK",34,2,11,0,22,14,85.1,5.167969173548079,2.3203126901644437,0.7382813105068685,0.33774834437086093,0.54828151,0.392156862,0.064814814,91.96107332883693,6.011719242698786,4.77,3.893042337836237,4.740271796396652,1.1038912683725357,"Ross Stripling",13273,548389
"Charlie Morton","ATL",40,8,10,0,30,30,165.1,9.09072608611587,3.538306560464261,1.2520161675488923,0.3060747663551402,0.7421875,0.46325167,0.157534246,94.2796291076031,4.1915323870115095,4.43,4.4608346568186015,3.987567871947028,1.1023703813552856,"Charlie Morton",4676,450203
"Aaron Bummer","ATL",30,4,3,0,56,0,55.1,11.222894145297808,2.9277115161646456,0.3253012795738495,0.38562091503267976,0.72890026,0.597315436,0.071428571,93.72344970703125,3.5783140753123446,2.79,2.226720526187563,2.521953763445943,1.0936263799667358,"Aaron Bummer",16258,607481
"Jose Quintana","NYM",35,10,10,0,31,31,170.1,7.133072620043151,3.328767222686804,1.1624266491922173,0.26337448559670784,0.7815735,0.474,0.125714285,90.80221940313506,3.751467822393065,4.49,4.563740093985491,4.438112718935702,1.0495022535324097,"Jose Quintana",11423,500779
"Blake Treinen","LAD",36,7,3,1,50,0,46.2,10.800000588553324,2.1214286870372603,0.9642857668351182,0.2545454545454545,0.8974359,0.447368421,0.111111111,94.19412157012195,1.9285715336702365,2.38,2.9950511975191074,3.0602021642120674,0.9828249216079712,"Blake Treinen",12572,595014
"Hoby Milner","MIL",33,5,1,1,61,1,64.2,8.907218946890787,1.9484541446323596,0.8350517762710112,0.3131868131868132,0.58073654,0.519337016,0.115384615,88.92195041363055,4.731960065535731,3.15,3.135551934724202,3.1452081815608537,0.914420835673809,"Hoby Milner",13346,571948
"Joe Ross","MIL",31,3,6,0,25,10,74,8.027027233923505,3.5270271179360857,0.8513513732949173,0.2981651376146789,0.72668113,0.409909909,0.075268817,94.78997171336206,3.7702703674489193,3.86,3.8286419575191752,4.49913902586384,0.909822404384613,"Joe Ross",12972,605452
"Chris Martin","BOS",38,3,1,2,45,0,44.1,10.150376230982049,0.6090225738589229,1.0150376230982048,0.35294117647058826,0.67391304,0.462809917,0.131578947,94.89652286022168,3.4511279185338966,3.29,2.7830211206749174,2.6128629075936445,0.9010557532310486,"Chris Martin",11847,455119
"Matthew Boyd","CLE",33,2,2,0,8,8,39.2,10.436975459057173,2.9495800210378964,0.9075630833962759,0.27722772277227725,0.74879227,0.314285714,0.08,92.13120626206563,2.7226892501888273,3.1,3.292530206539278,3.887498823955499,0.8901236653327942,"Matthew Boyd",15440,571510
"Jakob Junis","- - -",31,4,0,1,24,6,67,6.850746561196166,1.074626911560183,1.074626911560183,0.22404371584699453,0.77868852,0.387434554,0.103896103,92.6155020672342,2.686567278900457,3.83,3.6888678602982172,3.874310364919695,0.8681721091270447,"Jakob Junis",13619,596001
"Colin Rea","MIL",33,12,6,1,32,27,167.2,7.2465211495356305,2.308151180963201,1.5566600987891355,0.28169014084507044,0.7662624,0.38771593,0.136792452,93.0369091892429,4.294234755280374,4.87,4.752960951768378,4.416255862175867,0.8552122116088867,"Colin Rea",12317,607067
"José Leclerc","TEX",30,6,5,1,64,0,66.2,12.015001833343785,4.320000659179788,0.9450001441955787,0.3141025641025641,0.71776156,0.352201257,0.102941176,95.58239483890215,4.320000659179788,3.57,3.481479826354988,3.658728427747282,0.8326812982559204,"Jose Leclerc",14524,600917
"Shane Bieber","CLE",29,2,0,0,2,2,12,15,0.75,0,0.4166666666666667,1,0.5,0,92.47847316576087,0,2.66,0.08314644495646206,0.5871492470304176,0.7689601182937622,"Shane Bieber",19427,669456
"Michael Lorenzen","- - -",32,7,6,0,26,24,130.1,6.698209980067962,4.1432226680832756,1.1739130892902614,0.23595505617977527,0.82402235,0.418230563,0.112582781,93.97086190328903,3.3145781344666205,4.58,4.892822556657826,4.9489345998156455,0.728718776255846,"Michael Lorenzen",14843,547179
"Shawn Armstrong","- - -",33,3,3,1,57,7,66.2,8.910000977182495,3.3750003701448845,0.8100000888347724,0.3622448979591837,0.69037657,0.358208955,0.075949367,93.50069888607486,4.860000533008634,5.1,3.571479822707181,4.193209852266809,0.6828034110367298,"Shawn Armstrong",12857,542888
"Spencer Turnbull","PHI",31,3,0,0,17,7,54.1,9.607362188031768,3.3128835131144028,0.9938650539343209,0.23308270676691728,0.83955224,0.474820143,0.12,,2.6503068104915224,4.02,3.8474613893188674,3.8032973449311833,0.6672454103827477,"Spencer Turnbull",16207,605513
"Justin Verlander","HOU",41,5,6,0,17,17,90.1,7.37269414206046,2.6900370518328707,1.4944650287960393,0.3029197080291971,0.68181818,0.282229965,0.1,93.69962004226268,5.479705105585477,3.88,4.782716031654401,5.134759530442583,0.6521748304367065,"Justin Verlander",8700,434378
"Huascar Brazobán","- - -",34,1,3,0,39,0,51.2,8.883872716866321,4.354839567091334,0.3483871653673067,0.2647058823529412,0.63291139,0.456521739,0.046511627,96.63614992751289,3.8322588190403737,3.57,3.3213185184530425,4.076474050376518,0.6443639174103737,"Huascar Brazoban",6107,623211
"Clayton Kershaw","LAD",36,2,2,0,7,7,30,7.200000457763701,2.700000171661388,0.6000000381469751,0.3541666666666667,0.63348416,0.385416666,0.06060606,89.80517850907822,4.500000286102313,4.43,3.533146468268502,4.329689099088705,0.6394903063774109,"Clayton Kershaw",2036,477132
"Jacob Webb","BAL",30,2,5,2,60,0,56.2,9.211766979653678,4.288236352597402,0.6352942744588744,0.24489795918367346,0.72115385,0.34,0.0625,93.54853562801932,3.0176478036796532,3.46,3.5194210418780587,4.309454260382244,0.6370887160301208,"Jacob Webb",19274,657097
"Max Scherzer","TEX",39,2,4,0,9,9,43.1,8.307692551471785,2.0769231378679462,1.4538461965075624,0.2773109243697479,0.75242718,0.319672131,0.125,92.62486713435374,3.946153961949098,3.86,4.18186442346968,4.03584451337931,0.6229895353317261,"Max Scherzer",3137,453286
"Jalen Beeks","- - -",30,7,4,10,71,0,70,7.071430305559233,3.471429422729078,0.7714287606064618,0.3212669683257919,0.65922921,0.450892857,0.073170731,94.72973188920454,4.500001103537694,3.75,3.995051410052291,4.651975704152948,0.6175431907176971,"Jalen Beeks",17192,656222
"Dylan Floro","- - -",33,6,4,0,66,0,68.2,6.291263242684536,2.2281557317841068,0.6553399211129726,0.28846153846153844,0.68421053,0.454545454,0.071428571,89.96204502535183,3.800971542455241,3.97,3.5014312935253145,4.096197249159715,0.6024922430515289,"Dylan Floro",13394,571670
"Buck Farmer","CIN",33,3,2,1,61,1,71,8.873240390104954,3.6760567330434806,0.8873240390104954,0.26344086021505375,0.81508516,0.357894736,0.086419753,92.87059364318847,3.042253848035984,4.14,3.997465783077402,4.440743026540897,0.5737821161746979,"Buck Farmer",14814,571656
"Martín Pérez","- - -",33,5,6,0,26,26,135,7.133333534900059,3.266666758972924,1.4666667081102924,0.31695331695331697,0.76923077,0.443661971,0.144736842,91.48380100980718,4.533333461431813,5.38,4.899813160601958,4.483704095108578,0.5275453180074692,"Martin Perez",6902,527048
"Danny Coulombe","BAL",34,1,0,1,33,0,29.2,9.707868497310509,1.516854452704767,0.9101126716228602,0.1791044776119403,0.82278481,0.485714285,0.107142857,90.85235236672794,2.1235962337866736,2.88,2.8294010110220693,2.941858421747514,0.5220526456832886,"Danny Coulombe",13293,543056
"Cal Quantrill","COL",29,8,11,0,29,29,148.1,6.6741575322237345,4.186516997485797,1.3955056658285991,0.3002257336343115,0.75073602,0.443722943,0.149350649,94.232314453125,4.975281069475875,5.34,5.31704164978411,4.8710818225249986,0.4957175552845001,"Cal Quantrill",19312,615698
"Tim Hill","- - -",34,4,0,0,62,0,67,4.164179934295527,2.5522393145682263,0.2686567699545501,0.31645569620253167,0.69327731,0.682203389,0.054054054,90.76869309793307,3.358209624431877,3.44,3.5694649332216204,4.016395037659975,0.4949994683265686,"Tim Hill",16814,657612
"John Means","BAL",31,2,0,0,4,4,20.2,6.9677421498373135,0.8709677687296642,0.8709677687296642,0.23728813559322035,0.80246914,0.183333333,0.058823529,90.576806640625,2.6129033061889926,4.77,3.3116410730780723,4.541074295329494,0.4708137512207031,"John Means",16269,607644
"Adam Ottavino","NYM",38,2,2,1,60,0,56,11.250002299036769,3.6964293268263666,0.9642859113460087,0.30935251798561153,0.7082153,0.433566433,0.1,93.21128558168317,4.339286601057039,3.13,3.666479880469207,3.8936317906988376,0.4579032063484192,"Adam Ottavino",1247,493603
"Andrew Chafin","- - -",34,4,3,1,62,0,56.1,11.183434477006918,4.952663839817349,0.798816748357637,0.3381294964028777,0.75324675,0.361111111,0.086206896,91.86337753080986,3.514793692773603,3.59,3.5392609275233595,3.942157247356967,0.4218628406524658,"Andrew Chafin",12988,605177
"Yimi García","- - -",33,3,0,5,39,0,39,11.307694519765711,2.7692313109630313,1.3846156554815157,0.20238095238095238,0.76923077,0.272727272,0.122448979,96.56106770833334,3.461539138703789,3.13,3.730582452745228,3.630285302480226,0.39134320616722107,"Yimi Garcia",12095,554340
"Michael Soroka","CHW",26,0,10,0,25,9,79.2,9.489540506270382,4.970711693760676,1.4686193640656542,0.26108374384236455,0.67510549,0.402843601,0.144444444,93.54206939436432,4.744770253135191,4.55,4.9489066987797345,4.53569440504963,0.38519516587257385,"Michael Soroka",18383,647336
"Kyle Hendricks","CHC",34,4,12,0,29,24,130.2,5.992347230344268,2.9617348379862474,1.446428641807237,0.3050847457627119,0.64180929,0.445475638,0.142857142,87.98416612413195,5.923469675972495,4.8,4.98025537674649,4.591979100568073,0.3651241585612297,"Kyle Hendricks",12049,543294
"Paul Sewald","ARI",34,1,2,16,42,0,39.2,9.756303146509966,2.2689077084906897,1.3613446250944137,0.2815533980582524,0.73232323,0.266055045,0.098360655,91.39078083444149,4.31092464613231,3.78,3.947992433436588,4.306795299621884,0.3498042821884155,"Paul Sewald",13892,623149
"Burch Smith","- - -",34,4,1,0,50,0,56.1,7.349113836061999,1.9171601311466084,0.9585800655733042,0.3314285714285714,0.63218391,0.438202247,0.092307692,95.11741420200893,4.952663672128739,4.55,3.663521293772249,4.023531062331743,0.3394497483968735,"Burch Smith",12784,572143
"T.J. McFarland","OAK",35,2,4,0,79,0,56.2,6.194120426905206,2.7000012117279106,0.6352944027595083,0.28654970760233917,0.67251462,0.573099415,0.1,,3.81176641655705,3.24,3.819421247792623,3.9690743075823076,0.33921000361442566,"T.J. McFarland",3237,519008
"Andrew Kittredge","STL",34,5,5,1,74,0,70.2,8.533021017511732,2.547170452988577,1.2735852264942884,0.2631578947368421,0.81818182,0.451776649,0.14084507,,2.801887498287434,4.05,3.9589328081084636,3.6384506072106406,0.3133000433444977,"Andrew Kittredge",12828,552640
"Brooks Raley","NYM",36,1,0,0,8,0,7,11.571430147910819,3.8571433826369397,0,0.15384615384615385,1,0.307692307,0,,0,3.15,1.8807653174108157,3.6087751599441784,0.300667405128479,"Brooks Raley",10061,548384
"Caleb Ferguson","- - -",27,1,4,1,62,0,54.1,11.098162885703749,4.14110555436707,0.9938653330480969,0.3401360544217687,0.66579634,0.467105263,0.133333333,93.91943971256266,4.638038220891119,4.14,3.7370320991137027,3.553726122117466,0.28629071824252605,"Caleb Ferguson",19349,657571
"Alex Cobb","CLE",36,2,1,0,3,3,16.1,5.510204510607389,1.653061353182217,0.5510204510607389,0.2708333333333333,0.64102564,0.612244897,0.076923076,94.55390167236328,2.7551022553036946,4.87,3.288928767414404,3.696445693888006,0.27364885807037354,"Alex Cobb",6562,502171
"Hunter Strickland","LAA",35,3,2,1,72,0,73.1,6.9954557584339065,2.9454550561826975,1.227272940076124,0.22885572139303484,0.75,0.357142857,0.093457943,94.45367398648649,3.313636938205535,3.57,4.448298182369302,4.881728704784218,0.2581871747970581,"Hunter Strickland",7836,519326
"Marco Gonzales","PIT",32,1,1,0,7,7,33.2,6.14851531593514,2.940594281534197,1.336633764333726,0.3392857142857143,0.78723404,0.403508771,0.111111111,89.72219094669117,4.544554798734668,6.77,4.7110343504087675,4.801342622972623,0.2250625044107437,"Marco Gonzales",15467,594835
"Drew Smith","NYM",30,1,1,2,19,0,17.2,11.716985348750185,4.584907310380507,1.0188682911956684,0.35555555555555557,0.82644628,0.255319148,0.08,95.13502903988487,3.056604873587005,4.43,3.5627063359769995,4.230643000250978,0.22038015723228455,"Drew Smith",17755,622098
"Dillon Tate","- - -",30,2,1,1,33,0,36.2,6.627273704040293,2.9454549795734635,0.49090916326224393,0.33613445378151263,0.67028986,0.495867768,0.057142857,93.89016723632812,4.663637050991317,3.86,3.7119344041367333,4.4461243546487665,0.2139257714152336,"Dillon Tate",17796,622253
"Griffin Canning","LAA",28,6,13,0,32,31,171.2,6.815534384453598,3.460194379799519,1.6252428147543196,0.2826086956521739,0.69595262,0.407129455,0.148325358,93.70315031828704,5.190291569699278,4.71,5.257742038134959,4.751002727914869,0.2112267892807722,"Griffin Canning",19867,656288
"Yency Almonte","CHC",30,1,0,1,17,0,15.2,11.489363567167821,4.595745426867128,0.574468178358391,0.2222222222222222,0.68181818,0.432432432,0.071428571,94.41108842329545,3.446809070150346,3.15,3.3579691710759256,3.879338469779127,0.21113134920597076,"Yency Almonte",15068,622075
"Brent Suter","CIN",34,1,0,2,47,3,65.2,6.852792541658095,1.6446702099979431,1.3705585083316192,0.2717948717948718,0.828125,0.408866995,0.12345679,,3.152284569162724,4.19,4.308611868566144,4.1939826326551515,0.20985551178455353,"Brent Suter",13942,608718
"Jorge López","- - -",31,2,3,4,52,0,53,8.49056725996014,3.2264155587848533,1.0188680711952167,0.2857142857142857,0.81911263,0.51048951,0.115384615,95.84607015520135,2.8867928683864474,3.59,3.940064795308386,3.951846629523958,0.1961595043540001,"Jorge Lopez",14527,605347
"Caleb Thielbar","MIN",37,2,4,3,59,0,47.1,10.077468308115355,4.563381875372991,1.1408454688432477,0.3308270676691729,0.625,0.379562043,0.109090909,93.23355316558441,5.323945521268489,4.11,4.096057567717627,4.2050814580924065,0.1866970956325531,"Caleb Thielbar",10078,573204
"Justin Wilson","CIN",36,1,5,2,60,0,46.2,9.835716429730319,2.5071434036567477,1.9285718489667292,0.3383458646616541,0.71428571,0.382978723,0.158730158,95.62091796875,5.592858362003514,4.16,4.730765833562809,3.9862627339592462,0.15076594054698944,"Justin Wilson",4301,458677
"Jonathan Loáisiga","NYY",29,1,0,0,3,0,4,6.75,2.25,0,0.4375,1,0.5625,0,98.49819946289062,0,4.28,2.416479778289795,3.1724839814007284,0.14872078597545624,"Jonathan Loaisiga",19753,642528
"Craig Kimbrel","BAL",36,7,5,23,57,0,52.1,12.55414134752226,5.331210709221781,1.2038217730500795,0.28448275862068967,0.61933535,0.319672131,0.129629629,93.97601241099683,5.331210709221781,4.22,4.179218730220814,4.000526749847051,0.1428905874490738,"Craig Kimbrel",6655,518886
"John Brebbia","- - -",34,0,6,2,59,0,55.1,10.89759249008216,3.090362049426284,1.7891569759836379,0.31690140845070425,0.67092652,0.296052631,0.159420289,94.00000919358003,5.855422830491906,4.8,4.5219017297925514,3.8230205094717924,0.13871639594435692,"John Brebbia",12777,605154
"Matt Barnes","WSN",34,0,0,0,14,0,13.1,6.750000643730225,2.70000025749209,0.6750000643730225,0.3333333333333333,0.48387097,0.422222222,0.055555555,91.7982190860215,6.750000643730225,5.81,3.541479814052586,4.607691264133953,0.13261817395687103,"Matt Barnes",12863,598264
"Carlos Carrasco","CLE",37,3,10,0,21,21,103.2,7.72668829244358,2.864951838771215,1.649517725353124,0.3089700996677741,0.66450567,0.465408805,0.169642857,91.7931534426714,5.6430869551554235,4.65,4.931753133492261,4.182668949490616,0.1267712563276291,"Carlos Carrasco",6632,471911
"Phil Maton","- - -",31,3,3,3,71,0,64,8.43750150874284,3.3750006034971363,0.9843751760199981,0.24242424242424243,0.75498575,0.467836257,0.114754098,,3.656250653788564,4.28,4.26022997386757,4.279487989491389,0.10501056909561157,"Phil Maton",18064,664208
"José Ureña","TEX",32,5,8,1,33,9,109,5.779817120594108,3.2201838243310026,1.0733946081103343,0.27299703264094954,0.74730354,0.501440922,0.117117117,96.55922564338235,3.7981655363904134,4.34,4.616021214883237,4.605314177893282,0.08463604003190994,"Jose Urena",11589,570632
"Tommy Kahnle","NYY",34,0,2,1,50,0,42.2,9.703127313405828,4.00781345553719,1.054687751457155,0.2336448598130841,0.79545455,0.585585585,0.166666666,94.03273122902685,2.10937550291431,3.2,4.010229979455519,3.5499232803346,0.07829085737466812,"Tommy Kahnle",11384,592454
"Scott Alexander","OAK",34,1,3,0,45,0,38.2,7.21551913965663,3.4913802288661113,0.6982760457732222,0.25688073394495414,0.77625571,0.6,0.111111111,,2.5603455011684817,3.97,3.890617899832396,3.9377961958991072,0.07821743935346603,"Scott Alexander",10591,518397
"Trevor Richards","- - -",31,2,2,1,55,2,65.1,8.540817490124653,4.821429228296175,0.9642858456592349,0.21637426900584794,0.63202247,0.352272727,0.081395348,92.35656449225866,4.545918986679251,3.59,4.360357491963134,4.957797210119272,0.07817896641790867,"Trevor Richards",19309,670950
"Jordan Lyles","KCR",33,0,0,0,5,0,5,5.4,3.6,0,0.14285714285714285,1,0.428571428,0,90.81219803659539,0,3.99,3.166479778289795,5.585693228244782,0.04134667292237282,"Jordan Lyles",7593,543475
"Scott Barlow","CLE",31,3,3,2,63,0,55,11.12727581434099,5.0727286800672164,0.981818454206558,0.2878787878787879,0.73654391,0.471014492,0.139534883,91.61439165609137,4.2545466348950844,4.08,4.021025469914021,3.7849592492859414,0.03842223808169365,"Scott Barlow",14993,605130
"Diego Castillo","MIN",30,0,0,0,7,0,10,5.40000051498418,7.2000006866455735,0,0.27586206896551724,0.8125,0.517241379,0,96.71319986979167,2.70000025749209,3.72,4.366479892730724,6.18089015323261,0.02509259432554245,"Diego Castillo",17496,650895
"Héctor Neris","- - -",35,10,5,18,62,0,59.1,9.707866000731908,4.2471913753202095,1.2134832500914885,0.2974683544303797,0.73170732,0.4,0.119402985,93.1996174291237,4.095505969058774,4.34,4.278839424206993,4.233410710484566,0.019054971635341644,"Hector Neris",11804,593576
"Austin Voth","SEA",32,2,5,0,68,0,61,9.000001125648515,2.6557380370766106,1.3278690185383053,0.2356687898089172,0.66176471,0.347560975,0.128571428,93.7398961715368,3.6885250514952928,3.27,4.117299569341915,3.9343583732730645,0.015853606164455414,"Austin Voth",15047,608723
"Austin Adams","OAK",33,1,2,0,56,0,41.1,11.540326130875043,5.00806605679483,0.8709680098773618,0.3469387755102041,0.78947368,0.366336633,0.102564102,93.60516906415344,3.919356044448128,4.05,4.472931793105837,4.64152042180829,0.014938382431864738,"Austin Adams",13801,613534
"Dakota Hudson","COL",29,2,12,0,18,18,89,4.955056604540244,5.056180208714535,1.1123596459171978,0.3044982698961938,0.63492063,0.523489932,0.125,90.18636976522842,6.168539854631733,5.93,5.526030542356578,5.414308507470654,0.004712491761893034,"Dakota Hudson",19206,641712
"Ryne Stanek","- - -",32,7,3,7,63,0,55.1,10.89759249008216,4.066265854508268,1.301205073442646,0.2898550724637681,0.67901235,0.331034482,0.114285714,97.9493357977415,4.879519025409921,3.46,4.14238358337178,4.175647236294451,-0.013597272336483002,"Ryne Stanek",15947,592773
"Kyle Finnegan","WSN",32,3,8,38,65,0,63.2,8.481676239660397,3.392670495864159,1.2722514359490595,0.29213483146067415,0.74585635,0.459459459,0.152542372,97.38644244105409,3.675393037186172,4.31,4.250249520024179,3.813733706282776,-0.014416022226214409,"Kyle Finnegan",15009,640448
"Joey Lucchesi","NYM",31,0,2,0,2,2,10.1,6.096774381107649,6.9677421498373135,0.8709677687296642,0.23333333333333334,0.68493151,0.448275862,0.083333333,90.03147919323979,5.225806612377985,6.04,5.392286298376715,5.890102527368384,-0.03982027247548103,"Joey Lucchesi",19320,664192
"Adam Cimber","LAA",33,3,0,0,28,0,24.1,7.027398729172533,5.178083274127129,0.36986309100908066,0.2835820895522388,0.54404145,0.447761194,0.047619047,85.33611778846154,7.027398729172533,5.52,4.604836243325109,5.37547379607817,-0.043499674648046494,"Adam Cimber",15288,643256
"Ryan Borucki","PIT",30,0,0,0,14,0,11,10.636365480659741,3.2727278402029976,1.6363639201014988,0.3870967741935484,0.55555556,0.5,0.25,,7.363637640456744,7.08,4.530116378374378,3.266122272819605,-0.0445433147251606,"Ryan Borucki",16350,621366
"Joe Kelly","LAD",36,1,1,0,35,0,32,9.843751173466584,4.500000536441867,1.1250001341104667,0.3253012048192771,0.7112069,0.470588235,0.148148148,98.16278839111328,4.781250569969484,5.07,4.572729945927879,4.223486997044574,-0.047403477132320404,"Joe Kelly",9761,523260
"Ryan Yarbrough","- - -",32,5,2,1,44,0,98.2,5.929054550723187,2.918919163432953,1.0033784624300777,0.21223021582733814,0.79107505,0.407801418,0.101851851,86.80164761673151,3.192567835004793,4.16,4.636074495990414,4.841786417330351,-0.05368679761886597,"Ryan Yarbrough",16502,642232
"A.J. Minter","ATL",30,5,4,1,39,0,34.1,9.174758640735018,2.883495572802434,1.572815766983146,0.2222222222222222,0.94202899,0.458823529,0.166666666,94.75761640311245,2.6213596116385762,3.29,4.448033366201988,3.7615954768597613,-0.05372526869177818,"A.J. Minter",18655,621345
"Alex Wood","OAK",33,1,3,0,9,9,39.1,7.5508477017304925,4.347457767663011,1.372881400314635,0.36585365853658536,0.72072072,0.368,0.127659574,,5.262712034539434,6.64,5.3020730676681165,5.125744123639656,-0.06400392204523087,"Alex Wood",13781,622072
"Wade Miley","MIL",37,0,1,0,2,2,7,2.5714285714285716,5.142857142857143,1.2857142857142858,0.22727272727272727,0.625,0.523809523,0.166666666,90.38611328125,6.428571428571429,8.57,6.595051206861223,6.033915555051395,-0.10883532464504242,"Wade Miley",8779,489119
"Trey Wingenter","- - -",30,0,0,0,7,0,8.1,6.480000247192392,4.320000164794928,2.160000082397464,0.36666666666666664,0.56338028,0.548387096,0.25,97.2412109375,9.720000370788588,5.85,6.286479897308354,4.618007903634191,-0.11028627306222916,"Trey Wingenter",17793,622259
"Luke Jackson","- - -",32,4,3,0,52,0,53,10.018869366752964,4.415094975179273,1.1886794163944197,0.3191489361702128,0.66951567,0.506849315,0.155555555,94.95040002147766,5.094340355976084,4.05,4.24195163121808,3.808751159046885,-0.11543134599924088,"Luke Jackson",11752,592426
"Mike Clevinger","CHW",33,0,3,0,4,4,16,8.437501005828501,5.0625006034971,2.2500002682209335,0.36,0.70866142,0.339622641,0.16,93.55582819065125,6.7500008046628,7.48,6.228980143368288,5.341493172293263,-0.11596755683422089,"Mike Clevinger",12808,605182
"Adrian Houser","NYM",31,1,5,1,23,7,69.1,5.841346582364785,4.153846458570514,1.0384616146426284,0.3,0.62753036,0.484581497,0.103896103,93.81407020970394,5.841346582364785,5.2,4.926095291989805,5.105296948584282,-0.14504474401474,"Adrian Houser",12718,605288
"Tim Mayza","- - -",32,0,2,0,50,0,42.2,5.9062514081600686,3.1640632543714653,1.054687751457155,0.3356164383561644,0.57142857,0.452702702,0.104166666,,6.328126508742931,5.41,4.502417596802191,4.679989596138255,-0.14801181852817535,"Tim Mayza",15042,641835
"Walker Buehler","LAD",29,1,6,0,16,16,75.1,7.646018215349465,3.345132969215391,1.9115045538373663,0.31601731601731603,0.70281124,0.454545454,0.188235294,95.01657104492188,5.376106557667593,4.68,5.542586133407077,4.487551299283281,-0.16054430603981018,"Walker Buehler",19374,621111
"Miguel Castro","ARI",29,0,0,0,11,0,13.2,5.268293663265631,1.9756101237246115,1.9756101237246115,0.3469387755102041,0.75757576,0.470588235,0.1875,,5.926830371173835,6.08,5.727455864599477,4.643953309286822,-0.1690646857023239,"Miguel Castro",15684,612434
"Tyler Matzek","ATL",33,0,0,0,11,0,10,9.000001716614097,2.700000514984229,2.700000514984229,0.40625,0.54054054,0.314285714,0.23076923,93.89904477415966,9.900001888275506,7.77,5.966480312347514,4.0320908714804355,-0.18640710413455963,"Tyler Matzek",10058,554431
"JT Chargois","- - -",33,3,1,0,36,0,36.1,7.431194090941806,3.2201841060747824,1.486238818188361,0.18947368421052632,0.98039216,0.366336633,0.136363636,94.80777316623264,2.2293582272825416,4.55,4.900425066176217,4.584692066148183,-0.19523978233337402,"JT Chargois",13767,608638
"Tanner Rainey","WSN",31,0,0,0,50,0,51,7.764706463137343,5.117647441613249,1.411764811479517,0.2671232876712329,0.75581395,0.281045751,0.094117647,94.21664437875376,4.764706238743369,5.59,5.4213819077362455,5.902180267794263,-0.19684520363807678,"Tanner Rainey",17610,663432
"Jesse Chavez","ATL",40,2,2,0,46,0,63.1,7.8157905721269705,2.7000003794620446,1.4210528312958128,0.27932960893854747,0.8030303,0.430851063,0.158730158,,3.126316228850788,4.22,4.42963785055274,3.881056661748712,-0.20284128189086914,"Jesse Chavez",5448,445926
"Shelby Miller","DET",33,6,8,2,51,0,55.2,7.922157136317661,2.101796791267951,1.4550900862624274,0.21476510067114093,0.60344828,0.398734177,0.123287671,93.62597087378641,4.526946935038663,3.72,4.477857263439884,4.358874253448959,-0.20343773066997528,"Shelby Miller",10197,571946
"Bryse Wilson","MIL",26,5,4,0,34,9,104.2,7.050955842313089,2.665605257459826,1.7197453273934362,0.26885245901639343,0.80733945,0.377708978,0.143884892,93.647109375,4.041401519374575,5.27,5.0868620605457995,4.610771284475122,-0.22497497498989105,"Bryse Wilson",19990,669060
"Sean Newcomb","OAK",31,1,0,0,7,0,10,6.300000600814877,7.2000006866455735,1.8000001716613934,0.25925925925925924,0.72368421,0.5,0.2,93.87452294360632,6.300000600814877,5.59,7.066480150222814,5.978488452685706,-0.22618380188941956,"Sean Newcomb",16943,656794
"Steven Okert","MIN",32,3,2,1,44,1,35.1,8.405663182578614,4.075473058219934,1.5283023968324754,0.30392156862745096,0.71428571,0.326923076,0.130434782,93.02947998046875,5.094341322774918,4.19,5.119310618686848,4.880227143224153,-0.24637390347197652,"Steven Okert",13580,595345
"Jay Jackson","MIN",36,1,2,0,20,0,26.1,9.911393601549559,3.075949738411932,2.3924053520981694,0.30434782608695654,0.47794118,0.355263157,0.21875,92.03648639547414,7.5189882494513895,4.77,5.444961066002337,3.826641971873295,-0.27082371711730957,"Jay Jackson",7432,543351
"Drew Smyly","CHC",35,4,8,0,50,0,58.2,8.590910580532869,3.8352279377378875,1.5340911750951551,0.2883435582822086,0.78873239,0.352941176,0.136986301,,3.8352279377378875,3.75,4.905116443397637,4.570626845413412,-0.2786603271961212,"Drew Smyly",11760,592767
"Lucas Sims","- - -",30,1,6,1,58,0,49.1,8.939191320458482,5.472974277831724,1.459459807421793,0.2619047619047619,0.79288026,0.28030303,0.111111111,94.43479322350544,4.378379422265379,4.37,5.234047838804002,5.332654725448332,-0.2909858897328377,"Lucas Sims",13470,608371
"Jordan Romano","TOR",31,1,2,8,15,0,13.2,8.560976605412623,2.6341466478192688,2.6341466478192688,0.3,0.71428571,0.279069767,0.222222222,96.5783999544903,6.5853666195481715,7.58,6.166480127195074,4.353027573262517,-0.30863672494888306,"Jordan Romano",16122,605447
"Colin Poche","TBR",30,1,2,2,43,0,37.1,7.955358226688689,3.1339289983925136,1.6875002299036612,0.23,0.81325301,0.333333333,0.132075471,91.30698902027027,3.8571433826369397,3.75,4.880765726128435,4.58977762031728,-0.31965145468711853,"Colin Poche",19403,621363
"Will Smith","KCR",34,0,4,1,45,0,41.1,6.31451690606356,3.266129434170807,1.5241937359463766,0.2878787878787879,0.60150376,0.306569343,0.109375,91.34497568558673,6.532258868341614,5.63,5.271318746977649,5.410880167333589,-0.37080085277557373,"Will Smith",8048,519293
"Giovanny Gallegos","STL",32,2,1,1,21,0,20.2,9.145164103712299,4.354840049386809,2.612904029632085,0.3157894736842105,0.7421875,0.476190476,0.3,92.47981219103107,6.532260074080213,4.46,6.360029147840121,4.049068830021443,-0.4604147970676422,"Giovanny Gallegos",14986,606149
"Génesis Cabrera","TOR",27,3,3,2,69,0,62.2,7.180852666598773,4.164894546627289,1.4361705333197545,0.29444444444444445,0.7875,0.427807486,0.142857142,96.04533192334254,3.5904263332993867,4.31,5.129246173826793,4.7437235628130665,-0.498635470867157,"Genesis Cabrera",17490,650893
"Tyler Alexander","TBR",29,6,5,0,23,9,107.2,7.523220258495476,2.006192068932127,1.9226007327266217,0.2779552715654952,0.73033708,0.312121212,0.138554216,89.79818543002136,5.099071508535823,4.71,5.079792584771361,4.633910782275909,-0.5693275034427643,"Tyler Alexander",17735,641302
"Scott McGough","ARI",34,1,3,0,26,2,32.2,6.887756241505059,5.78571524286425,1.6530614979612144,0.28865979381443296,0.54621849,0.40776699,0.142857142,93.23187859961604,7.438776740825464,5.85,6.044031274740798,5.600286907289429,-0.6562903374433517,"Scott McGough",12056,543518
"Chris Devenski","TBR",33,2,1,0,19,0,26.2,8.10000077247627,4.725000450611158,3.037500289678601,0.25333333333333335,0.57823129,0.25,0.183673469,93.2190147307982,6.750000643730225,6.12,7.328980175256767,5.719795468225636,-0.6685813069343567,"Chris Devenski",12763,606965
"Matt Moore","LAA",35,5,3,1,51,0,48.1,7.63448416457049,4.84138020192275,2.0482762392750096,0.2153846153846154,0.69767442,0.294117647,0.152777777,92.9817616637324,5.027587132765933,4.4,6.166480330763294,5.460230654108274,-0.7404576539993286,"Matt Moore",1890,519043
"Adbert Alzolay","CHC",29,1,4,4,18,0,17.1,6.75000123794285,3.1153851867428535,3.1153851867428535,0.2653061224489796,0.73863636,0.418181818,0.260869565,95.06507895026408,4.67307778011428,6.86,7.378019012219949,4.884337401598944,-0.8138180375099182,"Adbert Alzolay",17859,640470
"Enyel De Los Santos","- - -",28,1,2,2,64,0,64,9.281252074521499,3.515625785803598,2.3906255343464466,0.2909090909090909,0.8005618,0.344444444,0.195402298,95.53763710446589,5.203126162989325,5.48,5.963355403440213,4.565616518229076,-0.9470516964793205,"Enyel De Los Santos",18403,660853